10000000,1
12,1
140000000,1
1893,1
1894,1
2,1
35000000,1
8th,1
[1898],1
a,1605
abandoned,7
abandoning,1
abart,1
abbey,2
abbreviated,1
abiding,2
ability,1
ablaze,2
able,14
ablebodied,1
aboard,5
abounded,1
about,177
above,25
abroad,1
abrupt,1
abruptly,15
abruptlya,1
absence,3
absent,1
absentthe,1
absolute,5
absolutely,10
abstain,1
abstract,1
abundance,1
abundant,3
abused,1
academy,1
accelerated,1
accentuated,1
acceptable,1
accident,5
accidentally,1
accidents,2
accompaniment,2
accomplished,1
accomplishment,1
accord,1
according,5
accosted,1
account,11
accounts,1
accursed,1
accustomed,2
ached,1
aching,3
acquired,1
across,96
act,2
acted,1
action,16
actions,3
active,2
actively,1
activities,1
activity,2
acts,1
actual,4
actually,3
actuated,2
acute,1
acuteness,1
add,3
adding,1
addition,3
additions,1
addlestone,4
addressed,4
adjacent,4
admits,1
advance,16
advanced,8
advances,2
advancing,9
advantage,3
advantages,1
advent,1
adventure,1
adventures,1
adventurous,1
advertisement,1
advisable,1
affair,1
affairs,4
affected,4
afforded,3
afire,1
afraid,5
after,101
afterglow,2
afternoon,14
afternoons,1
afterwards,14
again,108
againa,1
against,68
age,1
agencies,1
agent,2
ages,2
aghast,1
agile,1
ago,9
agoin,1
agonised,1
agony,2
agreed,3
ahead,5
aht,1
aim,1
aimed,2
aimless,1
aimlessly,2
aint,5
air,35
airy,1
aitches,1
akin,1
alarm,1
alarmed,4
alarming,1
albans,3
albany,1
albeit,4
albert,3
albin,1
aldershot,2
alert,1
alien,1
alight,2
alighting,1
alignment,1
alive,15
all,207
allay,1
allies,1
allow,2
allowed,2
allsilence,1
allude,1
alluded,1
allusions,1
almost,42
alone,13
alonehad,1
alonehe,1
along,66
alooand,1
aloud,4
already,49
also,18
alsomothers,1
alter,2
altered,2
alternately,1
alternation,1
although,8
altogether,17
altogetherand,1
altogetherinto,1
altogetherthat,1
aluminium,2
aluminiummaking,1
always,6
am,15
amazed,5
amazing,3
amazingly,1
ambulances,1
amid,14
amidst,1
ammunition,4
among,43
amount,2
amovin,1
amused,1
amusement,1
amusing,1
an,139
anaemic,1
analysis,1
analysts,1
anatomical,1
anatomically,1
anatomist,1
anatomy,2
ancestors,1
and,2487
angel,1
anger,2
angle,1
angrily,1
angry,3
anguish,1
animal,8
animals,8
animated,3
annihilated,3
announced,1
announcing,1
another,63
anothers,1
answer,8
answered,11
answering,3
answers,1
ant,1
antagonist,3
antagonists,3
anticipate,3
anticipated,1
anticipating,1
anticipation,1
ants,8
anxieties,1
anxiety,3
anxious,2
any,59
anyhow,1
anyone,5
anything,12
anythingthat,1
apart,1
apartments,1
apathy,1
aperture,4
apex,2
apologise,1
apostles,1
appalling,1
apparatus,3
apparently,12
apparition,1
appear,1
appearance,12
appearances,3
appeared,21
appears,1
appendage,1
apples,2
appliances,4
appreciate,1
apprehension,2
apprehensions,1
approach,10
approached,5
approachedhe,1
approaches,1
approaching,6
appropriate,1
aptly,1
arborvitae,1
arcades,1
arch,6
arches,1
are,85
area,3
areaperhaps,1
arefat,1
arent,3
argon,2
argue,1
argument,1
arguments,1
arise,3
arisen,1
arm,10
armament,1
armed,2
armies,1
armour,3
armoured,3
arms,14
army,3
arose,2
around,2
aroused,2
arranged,1
arrangements,1
arrested,5
arrival,7
arrivals,2
arrived,3
arrows,1
artery,1
article,2
articles,3
articulate,2
artificial,2
artificialhollowwith,1
artillery,7
artilleryman,28
artillerymans,1
artillerymanwere,1
artist,1
artists,1
arts,1
as,446
ascended,1
ascertain,2
ascrewin,2
ascribed,1
ash,2
ashen,1
ashes,1
ashy,1
asia,1
aside,10
ask,4
asked,14
asking,1
asleep,2
aspect,4
aspects,1
assembled,1
assented,1
assert,1
asserted,2
assiduously,1
assistance,1
assistant,1
assumed,3
assurance,4
assurances,2
assured,3
astonished,7
astonishing,6
astonishingly,1
astonishment,7
astounded,1
astride,1
astronomer,2
astronomical,3
at,441
ate,3
atlantic,1
atmosphere,7
atop,1
atrocity,1
attached,1
attack,3
attacked,2
attacks,1
attained,1
attempt,5
attempted,2
attempts,1
attention,13
attenuated,2
attic,1
attitudes,2
attracted,4
attracting,2
attraction,2
audible,4
auditory,1
august,1
authentication,1
authorised,1
authorities,8
authority,1
automatic,2
available,4
availed,1
availing,1
avent,1
avenue,2
avert,1
avoid,4
avoided,2
awaiting,1
awake,4
awakened,2
awakening,1
aware,4
away,61
awhile,1
awkwardly,1
awoke,2
babbling,1
baby,1
back,73
backs,3
backward,3
backwards,1
bacteria,4
bacterial,1
bad,1
badges,1
bags,1
baker,3
bakers,1
balance,1
balanced,1
balloon,1
balloonist,1
bandablebodied,1
bang,2
bank,16
banked,2
banking,1
banks,4
banstead,1
bar,5
bare,5
barely,2
bargain,1
barges,1
barked,1
barnes,2
barnet,10
barns,1
barometer,1
barracks,3
barred,2
barrier,1
barrow,3
barrowload,1
bars,6
barthere,1
basin,2
basket,3
basketchaise,1
bat,1
bath,1
bats,1
battalion,1
batteries,10
battering,1
battery,3
batteryno,1
battle,6
battleground,1
bawled,4
bawling,2
be,146
beach,3
beak,1
beam,9
beams,3
beans,1
bear,7
bearded,1
bearing,2
bearings,1
bears,1
beasts,4
beasttamers,1
beat,9
beating,6
beautiful,3
beautifully,1
beauty,1
became,29
because,12
become,13
becoming,2
bed,11
bedroom,2
bedrooms,1
beds,1
beech,2
been,171
beer,5
bees,1
before,70
beforejust,1
beforepacked,1
beforethen,1
began,57
begging,1
begin,6
beginning,13
beginnings,2
begins,1
begun,8
behaved,1
behaviour,2
beheld,3
behind,48
behold,1
beholder,1
being,48
beings,6
belief,1
believe,9
believed,8
believing,1
bell,1
belligerent,1
bellringing,1
bells,4
bellyings,1
below,15
belsize,1
bend,6
bending,1
beneath,7
benefit,1
bent,5
berkshire,1
berlin,1
beside,15
besides,5
best,9
better,14
between,49
bevy,1
bewildering,1
beyond,43
bicycle,5
bicycles,3
big,17
bigger,1
billion,1
billowing,1
billowy,1
biology,1
bipeds,1
birdlike,1
birds,10
birmingham,2
birthright,1
biscuits,4
biscuittins,1
bishopsgate,1
bison,1
bit,18
bits,1
bitterly,3
black,120
blackened,21
blackfriars,1
blackness,5
blackveiled,1
blackwater,3
blade,2
blame,2
blank,7
blankly,1
blast,1
blasted,2
blaze,2
blazed,2
blazer,1
blazing,2
bleached,1
bled,1
blessed,2
blew,3
blight,1
blind,4
blinded,5
blinding,7
blindingly,1
blindly,2
blinds,2
blistered,1
blood,12
bloodred,2
bloodshot,2
bloodstained,2
bloodstainedshook,1
bloody,1
blotted,1
blotting,2
blow,8
blowing,1
blown,1
blows,2
blue,27
bluegreen,2
bluish,2
blundered,5
blundering,2
blunt,1
boat,5
boathooks,1
boating,2
boatload,1
boatman,1
boats,11
bobbing,1
bodies,18
bodiesa,1
bodiesor,1
bodily,1
body,34
bodyi,2
boilers,2
boiling,4
boilingpoint,1
boldly,1
bolted,5
bolting,2
bone,1
bones,2
booing,1
book,4
books,5
booming,1
boot,1
boothis,1
boots,3
border,1
borders,1
bore,2
born,2
borne,2
both,19
bother,1
bottle,6
bottled,1
bottom,2
bottoms,1
bought,3
bound,1
bower,1
bowled,1
bowler,1
bows,1
box,7
boxer,1
boxes,4
boy,10
boys,4
braced,1
braces,1
brain,10
brains,1
brambles,1
branches,2
brave,1
bravery,1
brazen,1
bread,9
breadth,1
break,5
breakdown,2
breakfast,5
breaking,2
breasthigh,2
breath,6
breathe,1
breathes,1
breathing,2
bred,1
breed,2
breeding,1
breeze,4
brevity,1
brewers,1
brewing,1
briareus,1
bribe,1
bricks,2
brickwork,2
bridge,34
bridges,2
brief,1
brigadiergeneral,1
bright,17
brightened,1
brightening,1
brighter,2
brightly,2
brightness,5
brilliant,3
brim,2
bring,12
bringing,1
briskly,1
british,1
brittle,2
broached,1
broad,7
broadcast,1
broadcloth,1
broadening,1
broadeningout,1
broader,1
broadside,1
broadstairs,1
broke,6
broken,22
brokenly,1
brompton,2
brooding,1
broom,1
brother,90
brotherand,1
brothers,13
brought,20
brow,1
brown,12
brows,1
bruise,1
bruised,3
brushed,1
brutal,1
brutality,1
brute,1
brutes,3
bubbling,1
bubbly,1
bud,1
budded,1
budget,1
build,1
building,1
buildings,4
builds,1
built,3
bulbs,1
bulged,2
bulk,9
bulky,2
bulwarks,2
bump,1
bunches,3
bundle,1
bundles,2
burden,2
burdens,1
burgundy,4
burial,1
buried,9
burly,1
burn,1
burned,4
burning,22
burns,1
burnt,2
burrow,2
burst,10
bursting,1
bury,1
bus,1
buses,1
bush,4
bushes,12
bushey,2
busied,5
busily,1
business,3
businesses,1
businesslike,1
bust,1
busting,1
busy,17
but,292
butcher,2
butchered,1
butchers,1
butt,1
buttresses,1
bwar,1
by,254
byfleet,12
bystanders,1
bythebye,1
cab,4
cabbage,1
cabful,1
cabmans,1
cabmen,1
cabmens,2
cabs,5
cactuslike,1
cactusshaped,1
caddies,1
cage,1
cages,3
cajoled,1
caked,1
calamity,2
calculated,1
calf,1
call,3
called,10
calling,2
calls,1
calm,3
calmer,1
calmlay,1
calmly,1
came,150
camefear,1
camera,2
cameralike,1
camp,1
can,26
canal,4
canard,1
cancers,1
canister,3
canisters,1
cankering,1
canned,1
cannon,1
cannonade,1
cannot,6
cant,12
capable,1
capital,1
caps,1
captain,5
capture,2
capturing,1
carbonicacid,1
card,1
cardboard,1
cardigan,4
cardinal,1
cardplaying,1
cards,1
care,4
career,1
careful,1
carefully,1
carelessly,1
carelessness,1
caricature,1
carmine,1
carn,1
carnivorous,1
carpet,2
carriage,8
carriages,9
carried,8
carrier,1
carrots,1
carry,2
carrying,8
cars,3
cart,23
carthorse,1
cartloads,1
cartoon,1
carts,7
cartwheel,1
carvers,1
case,15
cases,4
cash,1
casting,1
castle,1
casual,1
cat,1
catalogue,1
catastrophe,2
catastrophic,1
catch,3
catching,2
caterpillar,1
cats,1
cattle,1
cattlesheds,1
caught,13
cause,2
caused,9
cautiously,3
cavalry,1
caved,1
cavity,2
cawing,1
ceased,16
ceiling,4
celebration,2
cellar,9
cellars,4
central,2
centre,3
centres,1
centuries,1
century,5
cerebral,1
ceremony,1
certain,15
certainly,17
certainty,1
chaffering,1
chain,1
chains,1
chair,1
chaise,8
chalk,4
chamber,1
champagne,4
chance,23
chanced,3
chances,4
change,7
changed,5
changes,3
channel,4
chaos,1
chapter,29
chapters,1
character,3
charge,1
charges,1
charging,1
chariot,1
charity,1
charms,1
charred,9
chart,1
chasing,1
chatham,1
chatted,1
cheaply,1
check,1
cheer,2
cheerful,3
cheerfully,1
cheering,1
cheese,2
chelmsford,2
chemical,2
chemists,1
cherished,1
chertsey,18
chess,1
chestnuts,1
chief,3
chiefly,5
child,11
children,9
childrens,1
childs,1
chill,1
chilled,1
chimney,1
chimneys,1
chin,4
chipping,3
chivalry,1
chobham,14
chobhamstretched,1
choked,3
choking,1
choose,1
chopper,1
chorus,2
chosen,1
chronicle,2
chronometer,1
chuck,1
church,16
churches,2
churchit,1
churning,1
cigar,2
cigarette,1
cigars,2
cindery,2
circle,8
circled,1
circles,1
circling,1
circuitously,1
circular,8
circumference,2
circumspection,1
circumspectly,1
circumstances,1
circus,1
cities,5
citizen,1
city,12
civilian,1
civilisation,3
civilised,2
civilising,1
clacton,1
claim,1
clamber,3
clambered,6
clambering,3
clamour,1
clamouring,1
clangorous,1
clangour,1
clap,1
clapham,3
clapped,2
clash,1
clasped,1
class,1
clatter,4
clattered,1
clattering,3
clay,5
clean,4
cleanand,1
cleanminded,2
cleanshaven,1
clear,27
clearcut,1
cleared,3
clearer,3
clearing,5
clearly,11
clearness,6
clefts,1
clerks,3
clever,1
click,1
clients,1
climax,1
climber,1
clinker,1
clinkers,1
clinking,2
cloaca,1
clock,3
clockwork,2
clog,1
close,29
closed,14
closely,6
cloth,1
clothed,1
clothes,9
clothing,3
cloud,11
clouds,13
cloudscud,1
cloudy,2
clump,2
clumsily,1
clumsiness,1
clumsy,2
clung,1
cluster,3
clustering,1
clusters,1
clutch,1
clutched,2
clutching,3
coachman,1
coal,5
coals,3
coaly,1
coast,10
coat,3
cobham,4
cockchafer,1
coherency,1
coiled,1
coiling,2
coils,1
coins,3
colchester,1
cold,5
coldest,1
coldly,1
collapse,2
collapsed,4
collapses,1
collar,5
collect,1
college,9
colliers,1
collision,2
colonel,1
colossal,4
colossi,1
colossus,1
colour,6
coloured,1
column,1
columns,1
combined,1
combines,1
combining,1
combustible,1
come,52
comers,1
comes,6
comfort,2
comfortable,1
comfortingly,1
coming,38
command,2
commanderinchief,1
commended,1
comment,1
committee,1
common,60
commonly,1
commonplace,1
commonweal,1
communicated,2
communication,4
community,1
companion,7
companions,2
company,6
comparative,1
compare,2
compared,2
compartment,1
compasses,1
competition,1
competitor,2
compiled,1
complacency,1
complain,1
complained,1
complaining,2
complete,4
completed,1
completely,5
complex,3
complexity,1
complicated,5
composition,3
compositor,1
compound,1
comrade,3
concealed,3
conceive,2
concentration,1
conception,1
conceptions,1
concerned,2
concerning,2
concerns,2
concerts,1
concession,1
concluded,2
concluding,1
conclusion,2
concussion,5
condemnation,1
condemned,1
condition,5
conditions,2
cone,1
confess,3
confidence,4
confidently,1
confined,3
confinement,1
confirmed,1
conflagration,1
conflict,4
conflicting,1
confluence,1
confounded,2
confronted,1
confused,2
confusing,2
confusion,10
congested,1
congestion,1
conical,1
conjunction,1
conjured,1
connected,2
connection,1
conquered,1
conquest,1
consecutive,1
consecutivelya,1
consequence,1
consider,3
considerable,5
consideration,1
considered,1
consolation,2
conspicuously,1
constables,1
constituent,1
consultation,1
consumed,2
consumption,1
contagion,2
contagions,1
contain,1
contained,4
containing,4
contains,1
contemplated,1
contemplating,1
contemplative,1
contents,1
contest,1
contests,1
continually,2
continue,2
continued,6
continuous,1
contorted,4
contracted,1
contrast,6
contrasted,1
contrasting,1
contrasts,1
contribute,1
contrivances,2
contrived,3
control,1
controlling,1
convenient,1
conversation,3
conveyance,1
conveyances,2
conveyed,1
conviction,2
convinced,3
convincedas,1
convulsive,1
convulsively,1
cook,1
cool,2
cooler,1
cooling,7
coombe,1
cooperationgrim,1
coordinated,1
cope,2
copies,1
copiously,1
copper,2
copse,2
copy,2
copybooks,1
cordon,1
corn,1
corner,21
corners,3
corporal,1
corpses,1
cost,1
costumes,1
cottage,2
could,116
couldnt,1
counsel,1
counted,4
counterbalance,1
countervailing,1
counties,3
counting,1
countless,4
country,24
countryleaderless,1
countryside,1
county,1
couple,20
couples,1
courage,7
courageous,2
course,14
court,3
cousin,2
cousins,7
cover,14
covered,9
covering,3
coverthe,1
coveted,1
cow,1
cowardice,1
cowl,1
cowled,2
cowls,1
cows,1
crablike,2
crabs,1
crack,1
cracked,2
cracking,1
crackle,1
crackled,1
crackling,2
cracks,1
crammed,1
crammers,1
cramped,1
craned,1
crash,5
crashed,1
craved,1
craving,1
crawl,7
crawled,8
crawling,6
craziness,1
creakily,1
creaking,2
created,1
creature,7
creatures,20
credible,2
credit,2
creeper,3
creepers,1
creeping,5
creeps,1
crept,15
crescent,9
crescents,1
crest,8
crested,1
crewe,1
crews,1
cricket,1
cried,17
cries,1
crime,1
crimson,4
crimsoncoloured,1
crimsonpurple,1
crippled,2
crisp,1
criticism,1
croaking,1
crockery,2
crooked,1
crops,1
cross,3
crossed,5
crosses,2
crossing,2
crossroads,4
crouch,1
crouched,8
crouching,8
crouchingly,1
crowd,37
crowded,13
crowding,2
crowdone,1
crowds,1
crows,2
crude,1
crumbling,1
crumpled,3
crush,2
crushed,5
crushing,1
crust,1
cry,8
crying,7
crystal,1
cuffs,1
culminating,1
culvert,1
cumbered,1
cumbersome,1
cumulus,1
cunning,1
cupboard,1
curate,35
curates,6
curiosity,3
curious,15
curiously,3
curled,1
curls,1
current,2
curses,2
cursing,1
curtains,1
curvature,1
curve,5
curved,2
curving,1
customary,1
cut,11
cutlass,1
cutting,1
cycle,1
cycles,2
cyclists,4
cyclone,1
cylinder,64
cylinderan,1
cylinderfifteen,1
cylinders,6
cylindersthe,1
dabbing,1
daily,7
dainty,1
damn,1
dance,2
danced,4
dancing,1
danger,17
dangerous,2
dangerously,1
dangers,2
dangling,2
dare,6
dared,4
daring,4
dark,32
darkcoloured,2
darken,1
darkened,2
darkening,1
darker,1
darkfor,1
darkling,1
darkly,4
darkness,34
darkred,1
darned,1
dart,1
darted,3
darts,1
data,1
date,1
dated,1
dawn,17
dawned,3
dawning,1
dawningthe,1
dawnstreamed,1
day,67
daylight,8
days,37
daysthreats,1
daythe,1
dazzle,1
dazzled,1
dazzling,1
dazzlingly,2
dead,39
deaden,2
deadly,6
deaf,2
deafbut,1
deafened,1
deafening,3
deal,3
dealer,1
dear,4
death,35
deathas,1
deathit,1
deathits,1
deaths,1
debatable,1
debris,5
decadence,1
decapitated,1
decay,2
december,1
decent,1
decided,5
deck,2
decks,2
decorum,1
deep,12
deepened,2
deeper,1
deeply,2
deer,1
default,1
defeated,2
defences,1
defend,1
defied,1
define,1
degradation,1
degrees,1
delay,2
delayed,1
deliberate,2
deliberately,2
deliberation,1
delicate,2
delight,1
delighted,1
deliverance,1
delivering,1
delusive,1
demented,2
demoralisation,1
den,1
denning,1
denouncing,1
dense,8
denser,2
densest,1
density,1
departed,1
departure,1
dependent,1
deploy,1
deployed,1
deposited,2
depressed,2
depression,1
depth,1
deputation,2
derby,1
derelict,2
derelictspread,1
deriving,1
descend,1
descended,5
descent,2
describe,4
described,6
describing,1
description,9
descriptions,1
desert,1
deserted,17
desertion,3
desertions,1
deserved,1
design,2
designed,1
designing,1
desire,2
desist,2
desisted,3
desk,1
desolate,6
desolated,2
desolating,2
desolation,3
despair,7
despaired,1
desperate,3
despondent,1
destined,1
destiny,1
destroy,4
destroyed,14
destroyer,1
destroyers,1
destroying,3
destruction,21
destructive,2
detachment,2
detail,3
detailed,1
details,4
detected,1
deter,2
determination,1
determine,1
determined,1
dethronement,1
detonating,1
detonation,2
detour,1
devastation,2
develop,1
developed,2
development,4
developments,2
device,1
devices,3
devil,3
devise,1
devising,1
devoted,1
devoured,1
dewy,1
dexterous,2
diameter,2
dickens,2
did,85
didnt,6
die,8
died,5
differed,2
difference,1
differences,1
different,3
difficult,1
difficulties,1
difficulty,6
diffuse,1
dig,2
digest,2
digestion,2
digestive,2
digging,10
dilated,1
dim,8
diminishing,1
diminution,1
dimly,8
dimmed,1
dimness,1
din,2
dining,5
dinner,5
dinners,1
direct,1
directed,1
directing,3
direction,23
directions,2
directly,5
dirty,7
disabled,1
disagreeable,2
disappeared,3
disappointed,1
disarray,1
disaster,2
disasters,1
disastrous,1
discharge,1
discharged,6
discipline,1
disciplined,2
discoloured,1
discourage,1
discover,1
discovered,5
discoverer,1
discovery,1
discreet,1
discriminating,1
discussed,3
discussing,1
discussion,2
disease,5
diseases,1
diseasesthey,1
disengaged,3
disgorged,2
disgust,1
dish,1
disillusionment,1
disinclined,1
disintegrating,1
disjointedly,1
disk,4
disks,2
diskslike,1
dislike,1
dislocated,1
disloyalty,1
dismal,3
dismally,2
dismay,2
dismiss,2
dismissed,1
dismounted,3
disordered,3
disorderly,2
disorganised,1
dispatch,2
dispatched,1
dispense,1
dispersal,1
dispersed,2
dispersion,1
displayed,1
dispose,1
disposed,3
dispositions,1
dispute,4
disputes,1
dissection,1
disseminating,1
dissolved,1
dissuaded,2
distance,14
distances,3
distant,13
distinct,5
distinctly,3
distinctness,1
distinguish,3
distinguished,3
distorted,1
distortions,1
distracted,2
distress,3
distribute,1
distributed,2
distributing,1
distribution,1
district,6
disturbance,2
disturbances,1
disturbed,5
disturbing,1
ditch,7
ditches,4
ditton,4
divert,2
diverted,1
divided,1
dividing,1
divine,1
do,46
doctor,1
doctors,1
dodge,1
dodged,3
dodo,2
does,3
dog,18
dogbitten,1
doggerel,1
dogroses,1
dogs,6
doing,16
doll,1
dome,2
domelike,1
domicile,1
dominant,4
dominate,1
dominated,1
dominion,1
done,25
donewhat,1
donothing,1
dont,12
doomed,1
door,37
doors,5
doorstep,2
doorway,5
doorways,1
dormant,1
dose,1
dot,2
dots,1
dotted,2
doubt,16
doubtful,1
doubtfully,2
doubts,2
douche,1
dovetailing,1
down,128
downhill,1
downplumes,1
downs,1
downstairs,1
downstream,3
downward,1
dozed,4
dozen,13
dozing,1
drab,1
drag,1
dragged,3
dragging,1
drain,3
drained,1
drainpipe,1
drains,5
drank,8
drawing,2
drawingroom,1
drawings,2
drawn,7
dray,1
dread,2
dreadful,4
dream,5
dreamed,3
dreamer,1
dreams,5
dreamt,1
drenching,1
dress,3
dressed,9
dresser,2
dresses,1
dressing,2
drew,11
dried,1
drier,1
drift,1
drifted,4
drifteda,1
drifting,5
drifts,1
drink,9
drinking,5
dripped,1
drive,5
driven,7
driver,6
drivers,3
driving,19
droning,3
drop,4
dropped,3
droppeda,1
dropping,3
dropspossessed,1
drove,23
drowned,2
drum,1
drumming,2
drunk,3
drunkards,2
drunken,1
drunkenly,1
dry,5
dubiously,1
dublin,1
ducked,1
due,5
dug,1
dull,5
dumbfounded,2
duncoloured,1
during,13
dusk,4
dusky,1
dust,22
dusty,3
dutch,2
duty,1
dwell,1
dwindled,2
dwindling,1
dye,1
dyer,1
dying,5
dyings,1
dynamite,2
each,26
eager,3
eagerly,1
eagerness,1
eaglefaced,1
ealing,5
ear,3
earlier,3
early,20
earnestly,1
ears,6
earshot,1
earth,41
earthabove,1
earthen,1
earthly,2
earthquake,3
earthquakes,1
earths,1
earthward,1
earthworks,2
east,6
eastern,1
eastward,17
easy,1
eat,7
eatable,2
eatablein,1
eaten,5
eating,10
ebbed,1
ebony,1
echoed,1
echoes,1
echoing,2
eclipsed,1
eddy,1
eddying,1
eden,1
edge,22
edges,1
edging,1
edgware,9
edinburgh,1
edited,1
edition,2
editions,2
edmunds,1
educated,1
education,1
effect,5
effecting,1
effectthe,1
efficacious,1
efficiency,1
effort,9
efforts,2
eh,7
eight,10
eighth,2
either,19
ejaculating,1
ejaculations,1
ejaculatory,1
elaborate,1
elaborately,1
elastic,1
elbow,1
elbowed,2
elbowing,1
electric,5
electricity,1
electrified,1
element,2
elemental,1
elementary,1
elephants,1
elevation,3
eleven,7
eleventh,2
eliminated,1
ellen,1
eloquent,2
eloquently,1
elphinstone,8
elphinstonethat,1
else,3
elsewaving,1
elsewhere,1
elusive,1
em,8
embanking,1
embankment,1
embedded,2
emboldened,1
emerge,1
emerged,7
emergency,1
emergepossibly,1
emerging,2
emitting,1
emotion,6
emotional,3
emotions,2
empire,2
employed,1
emptied,1
empty,15
en,1
enable,2
enabled,2
encampment,4
encircled,1
enclose,1
enclosed,1
enclosure,1
encounter,1
encountered,3
encouraged,1
encumbered,1
end,28
endeavouring,1
ended,4
endless,1
endurable,2
endure,1
enemies,1
enemy,1
energetic,1
energetically,1
energies,1
energy,6
enfeebled,1
engaged,5
engine,6
engines,5
enginesgoing,1
england,4
english,1
enhaloed,1
enigma,1
enjoyed,1
enjoying,1
enlarged,2
enormous,12
enormously,1
enough,15
enquiries,1
enquiring,1
enter,1
entered,1
entering,1
enterprise,3
enterprising,1
entertained,2
enthusiastic,2
entire,4
entirely,6
entrails,1
entrance,1
entreaties,1
envious,1
epilogue,1
epping,1
epsom,3
equal,2
equally,2
equatorial,1
equivalent,1
ere,1
erect,2
erethism,1
eruption,1
escape,21
escapea,1
escaped,13
escaping,5
esher,3
especially,4
essence,1
essential,1
essentials,1
essex,4
established,1
establishing,1
estimating,1
estuary,1
eternity,4
euchre,1
european,1
euston,1
eve,1
even,71
evening,20
eveninga,1
evenings,1
evensong,1
eventhose,1
events,4
ever,16
everlasting,1
everthickening,1
every,44
everybody,1
everyone,10
everything,17
everythings,1
everywhere,5
everywhereat,1
evidence,3
evident,8
evidently,10
evil,3
evolution,2
exactly,4
exaggerated,1
exaggeration,1
examination,5
examine,1
examined,2
examining,1
excavating,1
excavatingmachine,1
excavation,2
excavations,1
excellent,2
except,13
excepting,1
exceptional,1
excess,3
excessive,1
excessively,2
exchange,4
exchanging,1
excitable,1
excited,13
excitedly,2
excitement,8
exciting,2
exclaimed,2
exclamation,1
exclamations,1
excursionists,2
excursions,1
excuse,1
exempted,1
exertion,1
exertions,1
exhausted,4
exhausting,1
exhaustion,1
exhibited,1
exhibition,2
exhorted,1
exist,1
existed,2
existence,8
exodus,1
exorbitant,1
expanded,1
expanse,6
expect,3
expectant,3
expectation,4
expected,9
expecting,1
expedients,1
expended,1
expense,1
experience,4
experiences,3
experimenting,1
expert,3
expiration,1
expiring,1
explain,2
explained,5
explainin,1
explode,1
explodeand,1
exploded,2
explodes,1
explored,1
explosion,6
explosives,2
exposed,1
expostulating,1
exposure,1
express,3
expressed,1
expression,3
expressions,1
expressionsa,1
extend,1
extended,7
extending,2
extensive,1
extent,2
exterminate,1
exterminated,1
extermination,5
external,1
extinction,1
extinctionnothing,1
extinguished,1
extracted,1
extraordinary,10
extraspecial,1
extraterrestrial,1
extravagant,1
extreme,3
extremely,2
extremity,1
exuberance,1
exultant,1
exultation,3
eye,5
eyes,44
eyeswere,1
eyewitness,3
eyewitnesses,1
fabrics,1
facade,1
face,45
faced,2
faces,8
facet,1
facetious,1
facility,1
facing,4
fact,12
facta,1
factories,1
factory,1
facts,2
faded,4
fading,2
failed,7
failing,1
failure,1
faint,29
faintly,6
faintness,2
fair,4
fairhaired,1
fairly,1
faithfully,1
fall,9
fallen,20
falling,18
falls,1
familiar,7
fancied,6
fancifully,1
fancy,7
fantastic,1
far,63
fares,1
farm,4
farmers,1
farmhouses,1
farmthe,1
farther,16
fascinated,2
fascination,2
fashion,2
fashionable,1
fast,4
fasten,1
fastener,1
fastening,1
fasting,1
fate,7
fatigue,3
fatigued,1
fattened,1
fattening,1
fear,22
feared,2
fearful,4
fearfully,1
fearing,3
fears,5
feast,1
feature,1
features,1
fecundity,1
fed,1
feeble,3
feebleness,1
feebly,1
feed,1
feeding,3
feeds,1
feel,6
feeling,12
feelings,1
feet,40
feeta,1
fell,23
fella,1
felled,1
fellow,5
fellowmen,1
felt,26
fence,6
fenced,1
fences,3
ferry,1
ferryboat,1
fertility,1
festoons,1
fetched,1
fetish,1
fever,3
feverishly,1
fevers,1
few,30
fewer,2
field,14
fields,6
fierce,1
fiercely,1
fiercer,1
fiery,3
fifteen,2
fifteenth,1
fifth,6
fifty,6
fight,8
fighting,14
fightingmachine,10
fightingmachines,7
figure,8
figured,1
figures,11
filled,7
filtered,1
filthy,3
final,3
finally,3
find,21
finding,4
fine,1
finger,3
fingering,1
fingers,3
finish,1
finished,3
fir,1
fire,41
firea,1
firebeam,1
fired,15
firelit,1
fires,2
firewood,3
firing,16
firmly,1
first,88
firsthad,1
fish,1
fishermans,1
fishers,1
fishing,2
fitful,2
five,21
fivemile,1
fivepound,1
fix,2
fixed,7
flag,5
flags,1
flakes,1
flame,18
flamed,1
flames,8
flaming,4
flannel,1
flapping,2
flash,19
flashed,14
flashes,13
flashing,2
flask,1
flat,7
flats,1
flattened,1
flaunted,2
flaunting,1
flaxen,1
fled,7
fleeing,1
fleet,4
flesh,2
fleshy,1
flew,3
flexibility,1
flexible,1
flicker,5
flickered,2
flickering,7
flies,1
flight,14
flimsy,1
flinging,3
flinty,1
flirtation,1
float,1
floated,1
floating,2
flock,1
flood,3
flooded,2
flooding,1
floods,1
floor,9
flour,1
flourished,1
flourishing,1
flow,1
flowed,5
flower,3
flowing,3
fluctuating,3
fluctuations,1
fluid,1
flung,9
fluorescent,1
flurry,1
flushed,1
flutter,3
fluttered,1
fluttering,2
fly,3
flying,10
flyingmachine,2
foam,3
foaming,1
fog,1
folded,1
foliage,2
folks,3
follow,2
followed,14
following,5
follows,1
folly,2
follymy,1
follywhen,1
fond,1
food,35
foodless,1
foodsour,1
foodtwo,1
fool,1
foolery,1
foolhardy,1
foolish,6
fools,1
foot,18
footing,6
footpath,2
footsore,2
footsteps,3
for,343
forbid,1
force,7
forced,3
forces,1
fore,2
forebodings,1
forecast,2
forego,1
foreground,1
forehead,2
foreign,1
foremost,4
forepart,1
forerunners,1
foresee,2
foreseen,2
forethought,1
forget,1
forgetfulness,1
forgot,3
forgotten,1
forks,1
form,11
formality,1
formed,4
former,5
formidable,3
forming,1
forms,7
formula,1
formulate,1
formulated,1
forth,10
forthat,1
forthcoming,1
forthwith,10
fortnight,2
fortunate,1
forty,3
forward,12
fought,5
foulmouthed,1
foulness,3
found,65
foundations,1
foundationsdeep,1
foundling,1
fountain,2
four,26
fourday,1
fourteen,2
fourteenth,1
fourth,5
fragments,6
frame,2
framed,1
frames,2
framework,1
france,1
frantic,8
free,5
french,5
fresh,11
freshly,1
freshwater,1
fretted,1
friction,1
friday,5
friendless,1
friends,6
frightened,6
fringe,3
fro,22
frock,1
frogs,2
from,327
fronds,7
front,15
frosty,1
froth,1
frothing,1
frothy,1
fruitful,1
fruitless,1
fugitive,2
fugitives,11
fugitivesthey,1
fulham,3
full,16
fully,4
fumbling,2
fungoid,1
funk,2
funking,1
funnel,1
funnels,4
furious,5
furnace,1
furnacemy,1
furniture,4
furniturefor,1
further,12
furtive,1
furtively,1
fury,3
furze,3
fusillade,1
future,3
g,1
gable,1
gables,1
gaily,1
gained,3
gale,1
galloped,1
galloping,4
galvanised,2
game,2
games,3
gangway,1
gap,4
gaping,1
gaps,1
garden,15
gardener,1
gardening,3
gardens,2
gardensalready,1
garment,2
garrick,2
gas,11
gaseous,2
gases,2
gashed,1
gastric,1
gasworks,2
gate,12
gates,5
gather,5
gathered,7
gathering,7
gaunt,8
gave,24
gay,1
gaze,1
gazed,2
gazette,1
gear,2
general,5
generally,1
generate,1
generating,1
generation,2
generations,1
generator,3
generators,1
generous,2
gentle,1
gentleman,1
gently,4
george,3
georges,5
germany,1
germs,2
gesticulating,2
gesticulations,1
gesture,4
get,43
gets,1
getting,11
ghastly,1
ghost,2
ghostly,2
ghosts,2
giant,7
giants,6
gibber,1
gifts,1
gigantic,9
ginger,2
gingerly,2
girl,3
girls,2
give,13
given,6
giving,7
glad,3
gladiolus,1
glance,2
glanced,2
glancing,1
glands,2
glare,13
glared,1
glaring,1
glaringly,1
glass,7
glassfuls,1
gleam,3
gleamed,1
gleams,2
glimpse,4
glimpses,1
glistened,1
glitter,1
glittered,3
glittering,9
gloaming,1
globe,1
globes,1
gloriously,1
gloves,1
glow,6
glowed,6
glowing,6
gluttony,1
gnawed,5
go,50
goal,1
god,20
gods,3
godsend,1
goes,2
goeth,1
going,47
gold,6
golden,2
golf,4
gomorrah,1
gone,28
goneeverything,1
good,18
goods,2
gorgon,1
gorse,1
got,39
goths,1
gout,1
government,4
gown,1
gradient,1
gradual,3
granaries,1
grandiose,1
grasp,1
grasped,1
grass,7
grassy,1
gratification,1
grating,1
gratings,1
gratitude,1
gravel,6
gravelheaped,1
gravelly,2
graver,1
gravest,2
gravitational,4
gravity,2
great,49
greater,10
greatest,6
greatly,7
green,39
greengrey,1
greengrocer,1
greengrocers,1
greenhouse,1
greenish,4
greenishwhite,1
greenly,1
greeted,1
greeting,1
gregg,1
grenadiers,1
grew,34
grey,20
greybrown,1
greyheaded,1
greyish,2
greyishblue,1
greyly,2
greynessrushed,1
greys,1
gride,2
grim,3
grimy,1
grip,2
gripped,12
gripping,2
gristle,1
groans,1
grotesque,8
ground,29
groundll,1
grounds,3
groundthey,1
group,17
groups,6
groupsone,1
grow,4
growing,17
grown,2
grows,1
growth,4
growths,1
guard,1
guarded,1
guarding,1
guards,1
guess,2
guidance,2
guildford,1
gulf,4
gun,18
gunlike,1
gunners,7
gunpowder,1
guns,48
gunwise,1
gust,2
gustily,1
gusts,1
gutted,1
guttering,1
h,1
ha,1
habit,2
habits,5
hacked,1
had,579
hadley,1
haggard,6
haggerston,1
hail,6
hailed,1
hair,8
hairs,1
half,30
halffascinated,1
halflight,2
halfsane,1
halfway,6
hall,3
halliford,9
halted,5
ham,3
hamburg,1
hammer,1
hammered,1
hammering,7
hammers,1
hammersmith,1
hampeople,1
hampstead,3
hampsted,1
hampton,6
hamstringing,1
hand,30
handbag,1
handbook,1
handed,1
handful,3
handfuls,1
handle,1
handlingmachine,15
handlingmachines,2
hands,25
hang,2
hanging,4
hangs,1
hansom,1
hanwell,1
hap,1
haphazard,1
happen,2
happened,21
happening,5
happily,1
happy,6
harassed,1
hard,13
hardened,2
hardest,1
hardly,1
hardware,1
haricot,1
harm,1
harmless,2
harrow,1
harshly,1
harwich,2
has,44
hasnt,2
haste,2
hastily,9
hasty,5
hat,5
hatchet,2
hate,1
hateful,1
hatless,1
hats,1
haunted,1
haunting,1
have,218
havent,4
haverstock,1
having,11
hawkers,1
hay,3
haze,9
hazily,1
haziness,1
hazy,2
he,420
head,32
headbody,1
headed,1
headlike,1
headlines,2
headlong,16
headquarters,1
heads,10
headsabout,1
headsmerely,1
healing,2
health,2
healthy,1
heap,15
heaped,6
heaps,7
hear,15
heard,71
hearing,1
hearsay,2
heart,12
hearts,1
heartthrobbing,1
heat,17
heated,1
heath,2
heathens,1
heather,9
heathery,1
heatray,35
heatrays,4
heave,1
heaved,2
heaven,4
heavens,2
heavenward,1
heavier,1
heavily,2
heaviness,2
heaving,1
heavy,21
hedge,10
hedgerows,1
hedges,5
heed,1
heeded,2
heeding,2
heedless,1
heel,2
heeled,2
heeling,2
heels,3
height,3
held,10
heliograph,3
heliographs,2
hell,1
help,9
helped,1
helpful,1
helpfulness,1
helping,2
helpless,4
helplessly,4
hemmed,2
henderson,12
hendersons,2
her,68
here,58
hereafter,1
heres,1
hereto,1
heroism,1
herself,3
hes,2
hesitate,1
hesitated,6
hesitating,1
hesitatingly,1
hesitation,2
heterogeneous,1
hid,16
hidden,15
hide,3
hideous,1
hiding,8
high,24
highbury,1
higher,6
highgate,3
highlights,1
highly,1
highpitched,1
hill,57
hilli,1
hilllike,1
hills,15
hillside,3
hilly,1
hilton,2
him,154
himin,2
himself,12
himwould,1
hinder,1
hint,1
hired,1
his,250
hisi,1
hiss,1
hissed,1
hissing,9
hist,1
history,5
hit,5
hither,3
hitting,1
hive,1
hoarse,6
hobbled,1
hoisted,1
hold,4
holding,3
hole,12
holiday,1
hollow,1
home,13
homes,1
hood,13
hoof,1
hoofs,5
hooting,5
hope,10
hoped,1
hopefor,1
hopeless,4
hopelessly,1
hopes,1
hopped,2
horizon,1
horizontal,1
horizontheyre,1
horns,3
horrible,7
horribly,3
horrified,1
horror,7
horrorstruck,1
horse,25
horseback,3
horseflesh,1
horsehair,1
horseless,1
horsell,24
horsemen,1
horseplay,1
horses,16
hospital,2
host,4
hosts,3
hot,18
hotel,1
hotter,1
hounslow,3
hour,13
hours,17
house,58
houseafterwards,1
housebreaking,1
household,1
houses,66
housetops,2
hovered,1
how,49
howes,1
however,11
howl,2
howling,7
howls,1
hoxton,1
huddled,1
hue,1
huge,30
hugest,1
hum,1
human,34
humanity,8
humblest,1
humming,4
hummock,1
humour,1
humped,1
hunched,2
hundred,28
hundreds,6
hundredton,1
hung,10
hunger,7
hungry,5
hungrylooking,1
huns,1
hunt,2
hunted,2
hunting,2
hurrah,1
hurried,16
hurriedly,1
hurry,6
hurrying,16
hurryingpuffing,1
hurt,3
hurtled,1
husband,2
hushed,1
hussars,9
hut,3
hyde,1
hydrangeas,1
hydrogen,1
hymns,1
hypothesis,1
hysterical,1
i,1257
idea,23
ideas,6
identified,1
idiots,1
if,67
igniting,1
ignorance,3
ignorant,1
iin,1
ill,4
illfated,1
illimagined,1
illmade,1
illtempered,1
illuminated,2
illumination,1
illuminations,1
illustrated,1
illustration,1
im,8
imagination,5
imaginative,1
imagine,16
imaginings,1
imitating,1
immature,2
immediate,6
immediately,13
immemorial,1
immense,1
immensely,2
immensity,3
immigrants,1
imminent,2
immune,1
impact,7
impactsplashed,1
imparted,1
impassable,2
impatience,1
impatient,1
impeded,1
impediment,1
impenetrable,1
impenetrably,1
imperceptibly,1
imperfect,1
imperial,1
impersonal,1
impetus,2
impinged,1
implored,1
import,1
importunities,1
impossibility,1
impossible,8
impotent,1
impress,1
impressed,1
impression,6
impressions,1
impressivelyit,1
imprison,1
imprisoned,1
imprisonment,4
improbable,2
impulse,5
impulsively,1
in,991
inability,1
inaccurate,1
inactivity,1
inanimate,2
inarticulate,2
inarticulately,1
inaudibly,1
incandescent,2
incapable,4
incapacity,1
incessant,2
incessantly,1
inch,2
inches,1
incident,1
incline,2
inclined,8
incompatibility,2
incompatible,1
incomprehensible,4
inconceivably,1
inconclusive,1
incongruity,1
incontinently,3
inconvenience,2
inconveniently,1
increase,3
increased,4
increasingly,1
incredible,5
incredibly,3
incrustation,2
incurred,1
indeed,21
indefatigable,1
independent,1
indescribable,2
indicated,2
indiscriminate,1
indiscriminately,1
indisputably,1
indistinct,2
indistinctness,1
indistinguishable,1
individuality,1
indoors,1
induce,1
induced,1
ineffectual,3
inert,3
inevitable,4
inevitably,3
infected,2
infer,1
inferior,4
infinite,5
infinitely,3
infinity,1
inflammation,1
influences,2
information,2
infrequent,1
infuriated,1
infusoria,1
inhabit,1
inhabitants,8
inhabited,1
inhaling,1
inhuman,1
injected,1
injection,1
injured,1
injury,1
ink,2
inkerman,1
inkling,2
inky,3
inland,2
inn,6
inner,1
innkeeper,1
innumerable,2
insane,3
insanity,1
inscribed,1
insecurity,1
insensate,1
insensible,4
inshore,1
inside,6
insides,1
insisted,2
insistent,1
insoluble,1
inspection,1
instance,2
instanceour,1
instant,6
instantaneous,1
instantly,3
instead,11
institute,1
instructions,1
instruments,2
insufficient,1
insurance,2
insured,1
intact,3
integument,3
intellects,2
intellectual,2
intelligence,10
intelligences,2
intelligent,9
intending,1
intense,7
intensely,4
intensified,2
intensity,3
intentionally,1
intently,1
intercept,1
intercepted,1
interchanged,1
interest,6
interested,2
interesting,1
interior,3
intermediation,1
interminable,4
interminably,1
intermittence,1
intermittent,4
intermittently,4
internal,1
interplanetary,1
interpret,2
interpretation,2
interrupted,2
interrupting,1
interruption,1
interspersed,1
interval,3
intervals,4
intervened,2
intervening,1
interview,1
intimately,1
intimation,2
into,199
intolerable,1
intolerably,1
intricate,1
inundate,1
invaders,7
invariably,2
invasion,6
invent,1
invention,1
invested,1
investigations,2
investment,1
invigorating,1
invisible,16
invited,1
involuntarily,1
involvedit,1
invulnerable,2
inward,1
irish,1
iron,7
ironclad,5
ironclads,5
irradiation,1
irregular,3
irresistible,1
irresistibly,2
irresolute,1
irrevocably,1
irritable,1
irritated,1
is,154
island,2
isleworth,1
isnt,4
isolated,1
isolation,1
issue,1
it,646
iteroticism,1
itit,1
itmen,1
its,181
itself,15
itwas,1
ive,14
jack,1
jacket,1
jackets,2
jaded,1
jagged,1
jamess,1
jammed,2
jangling,2
java,1
jaw,1
jaws,1
jerk,1
jerked,1
jersey,1
jest,1
jesting,2
jet,6
jets,4
jetting,1
jewellers,1
jingle,1
jobbing,1
johns,5
join,2
joined,1
joint,2
jointed,2
joints,2
joker,1
jolted,2
jostling,1
journalist,1
journey,2
journeyings,1
joy,1
joyful,1
jubilant,1
judge,3
judged,3
judgment,1
jump,1
jumped,5
junction,5
june,2
just,44
justice,1
justification,1
justify,1
keen,1
keenly,2
keep,22
keeping,6
keeps,1
kensington,6
kepler,1
kept,12
kew,4
kewit,1
keys,1
kick,2
kicked,2
kilburn,4
kill,5
killed,12
killeddecided,1
killing,5
kind,10
kindly,1
kindness,2
kinetic,1
kingdom,1
kingdoms,1
kingston,10
kitchen,23
knaphill,1
knee,2
kneedeep,3
kneehigh,1
knees,7
knew,20
knewknew,1
knife,1
knitting,1
knock,2
knocked,1
knockers,1
knoll,1
knot,6
knots,1
know,41
knowing,1
knowledge,5
known,6
knows,3
knowsget,1
knuckles,1
kopjes,2
laboratories,1
labour,2
laboured,1
labourers,1
labours,2
laburnums,1
lack,1
lackadaisical,1
lacking,1
lad,2
ladder,1
ladies,4
ladiesno,1
lady,4
ladys,1
laid,10
lair,1
laleham,1
lambeth,2
lamp,3
lamplight,1
lamps,6
land,3
landed,3
landing,3
landlady,1
landlord,6
lands,1
landscape,2
landward,1
lane,26
lanes,1
langham,2
languid,1
lank,2
lantern,2
lapse,1
larboard,1
large,16
largely,1
larger,6
largest,1
lark,1
lashing,1
lassies,1
lassitude,1
last,68
lasthe,1
latch,1
latchkey,1
latchnor,1
late,5
lately,1
later,12
latest,1
latter,9
laughed,3
launches,2
laurels,1
lavelle,1
lawless,1
lawn,5
lay,48
layer,1
laying,2
lead,3
leaderwriter,1
leading,3
league,1
lean,1
leaned,1
leanfaced,1
leap,2
leaped,5
leaping,9
learn,8
learned,15
learning,4
leash,1
least,12
leather,2
leatherhead,19
leatherheador,1
leathery,1
leave,11
leaves,2
leaving,8
led,2
left,40
leg,3
legendary,1
legs,7
leisure,1
leisurely,2
lemon,1
lemonyellow,1
lemurs,1
length,6
lengthened,1
lengthy,1
less,10
lessing,1
lesson,3
lest,2
let,14
lethargic,1
lethargy,1
lettuces,1
level,4
leverages,1
levers,1
leviathan,1
lick,1
licking,1
lid,3
lie,2
lies,1
lieutenant,6
life,32
lifelong,1
lift,1
lifted,7
lifting,1
light,42
lightand,1
lighted,3
lightened,1
lightermen,1
lighthouse,1
lighting,2
lightning,11
lightray,1
lights,8
lightthe,1
lightwould,1
like,88
likely,3
likeness,2
likes,1
likewise,1
lilienthal,1
lilybulbs,1
limb,1
limber,2
limbs,5
limehouse,1
limited,1
limp,3
limped,1
line,25
lined,2
liners,1
lines,4
lingered,1
linked,1
links,2
lip,4
lipless,1
lips,2
liquefaction,1
liquid,1
liquors,1
lisbon,1
listen,4
listened,5
listenedi,1
listening,5
lit,12
littered,2
little,112
live,11
lived,3
lively,1
liverpool,1
livers,1
lives,4
livid,1
living,18
livingfor,1
loaded,3
loading,1
loafers,4
loath,1
loathed,1
loaves,1
lobb,1
local,1
lock,2
locked,7
locks,1
locomotion,1
lodge,2
lodged,1
lodger,1
loiter,1
london,59
londoners,4
londonward,11
londonwards,1
loneliness,1
lonely,3
long,49
longdefunct,1
longer,15
longing,1
look,13
looked,45
looking,17
looks,2
loomed,1
loose,7
loosely,1
lord,12
lorded,1
lordly,1
lords,1
lose,1
losing,3
losses,1
lost,8
lot,4
lotll,1
lots,3
loud,4
louder,1
loudly,2
loudvoiced,1
loved,1
lovely,1
lovemaking,1
low,9
lower,10
lowered,1
lowering,2
lowing,1
lowly,1
luck,3
luckily,2
lucky,2
luggage,1
lugged,2
lugging,2
lull,2
luminium,1
luminous,5
lump,1
lumps,1
lunatic,1
lunch,1
lungbarnes,1
lunges,1
lungs,2
lurched,1
lurid,5
lurk,1
lurked,1
lurking,1
lush,1
lusts,1
luxuriance,1
luxuriesthe,1
lying,14
machine,15
machinegun,1
machinery,5
machines,10
mackerel,1
mad,4
made,71
madeand,1
madly,2
maggotsi,1
magnificent,1
magnified,1
magnitude,1
magnum,1
mail,2
main,8
mains,2
major,1
majority,4
make,21
makes,3
making,15
malden,2
maldon,1
mall,1
man,117
managed,3
manager,1
manchester,1
manholes,1
manifest,1
mankind,5
manlike,1
manner,5
manners,1
manor,1
mans,7
mansions,2
manthe,1
manufactured,1
manufacturing,1
manuscript,1
many,33
manythose,1
map,2
mapped,1
maps,1
marble,1
marbled,1
march,1
marched,2
marching,1
margin,2
mark,6
marked,3
markham,1
marking,2
markings,2
marks,1
married,1
mars,43
marshall,1
martian,78
martians,165
martiansa,1
martiansdeadslain,1
martiansll,1
martinslegrand,1
marvelling,1
marvin,1
marylebone,2
mashers,1
masked,2
masonry,1
mass,17
massacre,2
massacred,1
massacres,1
masse,1
masses,7
mast,1
master,1
masters,2
masts,1
matchwood,1
material,4
mathematical,1
matter,16
matteroffact,1
mauritius,1
maxims,3
may,43
maybe,2
maybury,18
mays,1
maze,1
me,266
meadow,3
meadows,11
meal,3
meals,1
mean,13
meana,1
meand,2
meaning,4
meaningless,1
means,9
meant,4
meanwhile,1
measure,1
measured,2
measures,1
meat,8
mechanical,6
mechanically,2
mechanism,6
mechanisms,2
medical,1
meditation,1
meet,2
meeting,4
mehe,1
melancholy,2
melody,1
melt,1
melts,1
members,1
memories,1
memory,6
men,103
menagerie,1
menfighters,1
menhenderson,1
menmen,1
mens,2
mental,5
mention,2
mentioned,1
merchantmen,1
merchants,1
mercy,2
mere,8
merely,3
merged,1
merrow,1
message,2
messenger,2
met,7
metal,12
metallic,14
meteoras,1
meteorite,5
meteorites,3
methe,1
method,3
methodical,1
methodically,2
metropolis,1
mettle,1
microorganisms,1
microscope,2
microscopic,1
midday,9
middle,3
middleaged,1
middlesex,2
midland,2
midnight,15
midst,4
midsummer,1
might,53
mightier,1
mightiest,1
mighty,6
mile,10
miles,18
milesand,1
mileshundreds,1
military,7
milk,1
milking,2
milkman,2
milky,1
million,3
millions,4
mills,2
mind,40
minded,1
minds,9
mine,10
mineral,1
mines,2
mingle,1
mingled,3
mingling,4
ministers,1
minute,15
minuteguns,1
minutes,7
miracle,3
mirror,5
misadventure,2
miscellany,1
mischief,1
mischievous,1
miserable,3
miseries,1
misery,1
misleading,1
miss,6
missed,4
missile,3
missiles,1
missing,4
missionary,1
mist,7
mistaken,1
mistaking,1
misty,1
mixing,1
mockery,1
mockingly,1
mockturtle,1
models,2
moderate,2
modified,1
modifying,1
modulation,1
moisture,1
mole,1
molesey,1
molten,1
moment,47
momentarily,1
momentary,2
moments,1
monday,7
money,7
moneysome,1
mongrels,1
monkeys,1
monologue,1
monopoly,1
monosyllables,1
monotonous,1
monotony,1
monster,8
monsters,5
monstrous,5
month,1
months,1
mood,3
moods,1
moon,5
moonlight,1
moral,2
morbidities,1
morbidity,1
more,76
moreat,1
moreover,3
morning,35
mornings,1
morrow,1
mortal,1
mortlake,3
moscow,1
mosque,1
most,41
mostly,2
mother,3
motion,6
motionless,11
motions,3
motive,2
motor,2
mould,2
mouldy,2
mound,11
mounds,2
mountains,1
mounted,4
mourning,1
moustache,1
mouth,11
move,10
moved,14
movement,15
movements,14
moving,18
mrs,4
much,38
mud,4
muddy,5
mudflat,1
muffled,3
multiply,1
multitude,14
multitudes,3
multitudinous,3
mumble,1
murder,1
murmur,3
murmuring,2
muscles,1
muscular,3
musculature,2
museum,3
mushrooms,1
music,2
musical,1
must,60
mustering,1
mustnt,1
mutinied,1
mutter,1
muttering,1
mutton,2
muzzle,1
my,469
myself,53
mysterious,2
mystery,3
naked,2
name,4
nameand,2
named,1
names,1
narrative,2
narrow,4
narrower,1
narrowly,5
nasty,2
nations,1
natural,6
naturally,1
nature,8
nausea,1
naval,1
navvies,2
navycrowded,1
nay,1
naze,2
near,53
nearby,1
nearer,24
neareri,1
nearerin,1
nearest,4
nearly,14
nearness,1
neasden,1
neat,2
neatly,1
nebular,1
necessarily,2
necessary,3
necessity,5
neck,2
neckdeep,1
neckhigh,1
necks,1
need,5
needed,2
needles,1
needless,2
needs,3
needy,1
neglected,1
negligible,1
neighbour,4
neighbourhood,1
neighbouring,4
neighbours,2
neither,10
nerve,2
nerves,3
nervous,1
nervously,1
nest,3
nettles,1
network,4
never,23
nevertheless,1
new,9
newcomers,4
newfound,1
newhaven,1
news,27
newsboy,1
newspaper,4
newspapers,2
next,23
nice,3
night,101
nightfall,1
nights,1
nightshirt,1
nine,10
nineteenth,3
nineteenthcentury,1
ninety,1
ninetyfive,1
ninth,1
no,174
nocturnal,1
nodded,1
noise,21
noiseless,2
noiselessly,3
noises,3
noisesthe,1
noisily,2
noisome,1
noisy,5
nomadic,1
nonconductivity,1
none,15
nonsense,2
noon,1
nopoint,1
nor,15
north,8
northeast,1
northeastward,1
northern,6
northward,18
northwardrunning,1
northwards,1
northwest,2
northwestern,3
northwestward,1
nose,2
nosebags,1
nostrilsindeed,1
not,191
note,5
noted,2
notegreat,1
notei,1
notes,3
nothing,50
nothingness,1
nothings,1
notice,2
noticed,8
noticing,1
noting,1
notwithstanding,1
nourishment,2
novel,2
novels,1
novelty,2
november,1
now,102
nowan,1
nowjust,1
number,29
numerous,1
nursery,2
nuts,1
o,1
oars,1
obey,1
object,10
objections,1
objects,2
obliquely,2
oblivious,1
oblong,1
oblongs,1
obscured,3
obscurity,2
observation,1
observatory,4
observe,1
observed,1
observer,2
observers,2
obstructive,1
obtained,1
obvious,2
occasion,4
occasional,3
occasionally,2
occasioned,1
occupant,1
occupants,1
occupied,6
occur,1
occurred,8
occurrences,1
ocean,1
oceans,1
ockham,2
oclock,18
octopus,1
octopuses,1
odd,3
oddly,2
of,2297
off,48
offensive,3
offered,1
offering,1
offheatrays,1
office,2
officers,4
officials,2
officiated,1
ofperhaps,1
ofwhat,1
ogilvy,20
ogilvys,2
oh,2
oil,1
oily,2
old,13
older,3
oldfashioned,1
ome,1
ominous,3
omnibus,1
omnibuses,3
on,378
once,42
one,197
onejust,1
oneroomed,1
ones,4
ongar,1
onions,1
onlookers,1
only,67
onslaught,1
onto,1
onwards,1
opaque,1
open,18
opened,14
opening,10
openly,1
opens,2
operation,3
operations,2
opinion,3
opportunity,2
opposite,4
opposition,7
oppositions,1
oppressed,2
oppressive,1
oppressors,1
optimism,2
optimistic,2
or,154
orangered,1
orchids,2
ordained,1
order,18
orderly,2
orders,1
ordertrains,1
ordinary,5
organ,1
organic,2
organisation,3
organisations,1
organised,1
organism,2
organisms,1
organized,1
organs,3
oriental,4
original,3
ornament,1
ornamental,1
orphanage,2
oscillated,1
oscillatory,1
ostend,1
other,57
otherlord,1
others,11
otherwise,1
ottershaw,7
ought,8
our,100
ours,6
oursand,1
ourselves,6
oust,1
out,231
outbreak,2
outcast,1
outer,3
outflow,1
outhouse,1
outhouses,1
outline,2
outlines,1
outofwork,1
outside,16
outsimply,1
outskirts,2
outwriting,1
oval,1
oven,1
over,142
overawe,1
overcame,1
overcome,1
overcoming,1
overhead,9
overlooked,4
overnight,4
overruled,1
overtake,2
overtaken,5
overthrow,6
overthrown,2
overtook,1
overturned,9
overwhelm,1
overwhelmed,1
overwhelming,1
owing,1
own,30
owners,1
ox,1
oxford,2
oxide,1
oxygen,2
pace,7
paced,1
paces,1
pack,2
packages,1
packed,1
packets,1
packing,3
paddle,2
paddleboat,1
paddles,2
paddling,2
page,1
paid,1
pain,3
painful,4
painfully,4
painfullysuch,1
painfulness,1
painlessly,1
pains,1
painshill,2
painted,2
pair,4
palace,2
pale,11
paler,1
palings,4
pall,2
pallid,2
palpable,1
palpitating,1
pamphlet,3
pamphlets,1
pan,1
pancras,2
panic,12
panicin,1
panicstricken,1
panted,1
panting,7
pantingand,1
pantry,10
paper,16
papers,19
parabolic,3
parade,2
paradoxical,1
parallel,1
parallelism,1
paralysed,1
parapet,1
parapets,1
parboiled,1
parched,1
parent,1
paris,2
parish,1
park,22
parleyed,1
parliament,1
parlour,1
parody,1
paroxysm,1
part,39
parted,5
partially,1
particular,3
particularly,3
parting,1
partly,2
parts,5
party,4
pass,1
passable,1
passage,8
passages,1
passed,41
passenger,1
passengers,5
passing,6
passion,1
passionate,2
past,25
pasteboard,1
patch,5
patches,10
patent,1
path,4
pathway,1
patience,1
patrols,1
pauls,1
pause,1
paused,3
pavement,3
pawing,1
peace,3
peaceful,3
pealing,1
pearshaped,2
peas,1
pebble,1
peck,1
pecked,1
peculiar,7
peep,1
peeped,3
peephole,6
peeping,5
peer,1
peered,3
peering,7
pen,1
penetrated,1
penny,1
pent,2
people,158
perceive,2
perceived,15
perceiving,1
perceptible,1
perception,1
perceptive,1
perfect,4
perfection,2
perfectly,4
performing,1
perhaps,32
peril,1
periodical,3
periodically,2
perish,1
perished,1
permanently,1
permitted,5
perpetrated,1
perpetual,2
perpetually,3
perplexed,3
perplexingly,1
perrotin,1
persecution,1
persistence,1
person,1
personal,3
personally,1
persons,2
perspective,1
perspiration,2
persuaded,2
persuasion,4
pet,1
petersham,1
petrified,3
petroleum,1
pets,1
petty,2
phantasms,2
phenomena,1
philips,1
philosophical,2
philosophy,1
photograph,2
photographically,1
phrase,2
physical,4
physiological,1
physiology,3
pick,2
pickaxes,1
picked,5
picking,3
pickled,1
picture,6
piece,3
pieces,2
pierced,1
piers,1
piety,1
pig,1
piled,3
piles,1
pilgrimage,1
piling,1
pillar,1
pillars,2
pillow,1
pinch,1
pine,30
pineapple,1
pink,5
pinnacle,1
pinner,1
pinpoint,1
pinshead,1
pioneers,3
pious,1
pipe,1
piped,1
pipette,1
pit,82
pitch,1
pitched,2
pitching,2
pitchy,1
pitfalls,2
pitiless,5
pits,14
pitterpatter,1
pitthat,1
pity,2
pitypity,1
pivot,2
placard,2
placards,1
place,50
placea,1
placed,3
places,9
plain,1
plainly,1
plan,4
plane,1
planet,29
planetit,1
planets,3
plank,1
planned,1
plans,5
plantations,1
planted,2
plants,3
plaster,5
plate,2
plates,1
platform,2
platforms,1
play,1
played,3
playing,5
pleading,1
pleasantries,1
plentiful,1
plenty,1
plied,1
plough,1
ploughed,1
pluckily,2
plunderers,2
plunged,1
plunging,1
pocket,3
pockets,2
poetry,1
point,9
pointed,13
pointing,6
points,5
poison,3
poisoned,1
poisonous,1
poisons,1
poker,1
polarised,1
pole,4
police,4
policeman,2
policemen,4
polished,1
political,1
pollard,1
polyp,1
pompeii,1
pony,9
ponychaise,1
ponys,3
pool,4
pools,1
poor,14
poorest,1
popular,2
popularly,1
population,5
populous,1
porters,2
portion,6
portland,1
portmanteau,2
portsmouth,2
position,19
positions,1
positively,1
possessed,2
possession,7
possibilities,2
possibility,5
possible,20
possibly,4
post,2
potato,1
potatoes,1
potman,1
pots,2
potteries,1
pound,1
pounded,1
pounds,4
pour,1
poured,6
pouring,9
pours,1
poverty,1
powder,17
powdery,1
power,9
powerful,2
powerfully,1
powerless,1
powers,3
practicability,1
practicable,1
practically,4
practice,1
praising,1
prayed,6
prayer,2
prayers,3
praying,2
preached,1
precautions,2
preceded,1
precipitated,2
precipitately,2
precipitation,1
precise,1
precisely,2
preconceptions,1
preference,1
preferred,2
prehuman,1
premartian,1
premature,1
preparation,2
preparations,2
preparatory,1
prepared,4
preparing,1
presence,4
present,4
presentday,1
presented,2
presently,35
press,2
pressed,3
presses,1
pressing,1
pressure,3
pretend,1
prettily,1
pretty,2
prevails,1
prevent,1
prevented,2
previous,6
price,1
prices,1
pride,1
primitive,1
primrose,6
principle,1
print,1
printed,3
privates,1
privet,2
privilege,2
privileged,1
probable,4
probably,5
problem,2
problematical,2
proceeded,5
proceeding,1
process,3
processes,2
procession,2
production,1
professed,2
professing,1
professor,1
profit,1
profounder,2
profoundly,1
profundity,1
progress,1
progressed,2
progressits,1
prohibited,1
project,2
projected,3
projectile,3
projecting,1
projection,2
projects,1
prolonged,1
promenaders,1
promise,4
promised,3
promises,1
promising,1
promote,1
prompt,1
promptly,1
propagation,1
property,1
prophecy,2
proportion,3
proposed,2
prosecuting,1
prospect,2
prostrate,2
protect,2
protected,1
protection,1
proud,2
prove,2
proved,4
proven,2
province,3
provision,1
provisions,4
provocation,1
provoke,1
prowled,3
prowling,1
proximity,1
psalms,1
psychology,1
public,4
publication,1
publicationthe,1
publichouse,2
publichouses,2
puddle,1
puff,3
puffed,1
puffs,6
pugilistic,1
pull,1
pulled,2
pulling,1
pulmonary,1
pulsated,1
pulse,1
pulverised,1
pump,2
pumping,1
punch,2
punctured,1
pungent,2
punishment,1
purely,1
purple,1
purpose,4
purposelessness,1
pursuant,1
pursue,1
pursued,1
pursuer,1
pursuit,1
push,4
pushed,10
pushing,6
put,18
putney,13
putrefaction,1
putrefactive,2
putrescent,1
putting,2
puzzle,1
puzzled,2
pyrford,7
pyrfordto,1
quality,4
quantities,2
quantity,3
quarrel,2
quarrelled,1
quarter,6
quarters,1
quasimuscles,1
quasiproclamation,1
quasiscientific,1
queer,3
question,2
questioned,1
questioning,1
questions,7
quick,3
quickening,1
quickfirers,1
quickfiring,1
quickly,7
quiet,16
quietly,6
quietworrying,1
quite,34
quiver,1
quivered,3
quivering,4
quoted,1
rabbit,4
rabbits,2
race,5
races,1
radiating,1
radiation,1
radius,1
rage,2
ragged,1
rags,4
rahnd,1
raided,1
rail,1
railing,1
rails,2
railway,29
railways,2
raiment,1
rain,4
rained,2
raining,1
rainwater,2
raise,2
raised,6
raising,2
ram,3
rambling,1
ramifications,1
rampart,3
ran,26
rana,1
rang,1
range,8
ransack,1
ransacked,2
rap,1
rapid,4
rapidly,5
rapped,3
rare,1
rarely,1
rashness,1
rat,2
rate,6
ratgnawed,1
rather,10
rational,1
rations,1
rats,1
rattle,5
rattled,2
rattling,3
raving,1
ray,1
rays,1
reach,6
reached,14
reaching,4
reaction,1
read,6
reader,9
readers,2
reading,4
ready,11
real,5
realisation,2
realise,11
realised,12
realising,3
really,4
reappear,1
rear,2
reason,14
reasoning,4
reasons,1
reasserted,1
reassure,1
reassuring,3
reassuringly,1
rebuilt,1
recall,7
recalled,3
recede,1
receded,4
receding,4
receive,1
received,3
receiver,2
receives,1
receiving,1
recent,2
receptacle,2
reception,1
receptivity,1
recipient,1
reckless,1
recklessly,1
reckon,2
recognise,3
recognised,2
recognition,1
recollect,1
reconciled,1
reconnoitre,1
reconnoitred,1
recover,1
recovered,1
recovery,1
recuperate,1
red,66
redcoloured,1
redcovered,1
reddish,1
reddishpurple,1
redly,1
redness,1
redoubt,2
reds,1
redtinged,1
reeds,3
reef,1
reek,2
reeled,3
reeling,2
referee,2
reflection,1
reflections,2
refrain,1
refresh,1
refreshed,2
refuge,3
refugees,3
refuse,1
refused,2
refusing,1
regard,4
regarded,5
regarding,5
regardless,1
regenerator,1
regent,2
regents,7
regiment,3
region,2
regret,1
regretful,1
regretting,1
regular,1
regulating,1
rein,1
reinforced,2
reinforcement,1
reins,4
reiterated,1
rejoin,3
relapsed,1
relation,2
relative,1
relatively,1
relaxation,1
relaying,1
released,1
relief,4
relieve,2
relieved,3
religion,3
reloaded,1
reluctantly,1
remain,2
remainder,1
remained,19
remaining,1
remains,3
remark,3
remarkable,5
remarkably,1
remember,22
remembered,3
remind,1
reminded,2
remnant,1
remonstrance,1
remorse,3
remote,10
remotely,1
remoter,4
remotest,1
removed,6
rendered,1
renderings,1
renewal,1
renewed,4
reopened,1
repair,2
repeated,6
repeatedly,2
repeating,1
repentance,1
repented,1
repentrepent,1
replaced,3
reply,1
replythe,1
report,5
reported,1
reporter,1
reports,2
represented,1
reprieve,1
reproaches,1
repugnance,1
repulse,1
repulsed,1
repulsive,3
repute,1
required,2
reread,1
rescue,1
resemblance,3
resembling,2
reservist,1
residential,1
residents,1
resignation,1
resinous,1
resist,1
resisting,2
resolute,2
resolution,3
resolve,2
resolved,4
resonance,2
resort,1
resorted,1
resources,1
respect,1
respectable,2
respectablelooking,1
response,1
rest,13
restaurants,1
rested,3
restless,3
restlessly,1
restlessness,1
restore,1
restored,2
restorers,1
restraint,1
resulted,1
results,2
resume,3
resumed,4
retraced,1
retracted,1
retreat,1
retreated,5
retreating,1
retriever,1
return,12
returned,13
returning,3
reverberations,1
reverse,1
revert,1
reverted,2
revolutions,1
revolver,4
revolvera,1
revolvers,1
revolves,1
revulsion,1
rhythmic,1
ribbed,1
ribs,1
richblooded,1
richmond,15
ricocheted,1
riddlehow,1
ride,2
ridges,1
riding,4
rifles,1
right,18
rights,1
rigid,2
rigidity,1
rigidly,1
rim,3
ring,1
ringing,7
riot,1
riotous,1
ripening,1
ripley,8
ripped,2
rise,7
risen,3
rising,19
risk,2
river,30
riverbank,2
riverfront,1
rivers,1
riverside,1
riverward,1
riveted,1
road,101
roadcleaners,1
roads,7
roadside,1
roadskates,1
roadthe,1
roadway,6
roadways,1
roar,2
roared,1
roaring,2
roasted,1
robbed,2
robbers,2
robes,1
rocked,1
rocket,1
rockets,3
rocks,1
rockwork,1
rod,2
rode,1
rods,2
roehampton,3
rolled,4
rolling,7
roof,7
roofan,1
roofless,1
roofs,5
rook,1
room,13
roomevidently,1
rooms,5
roomy,1
root,1
ropes,1
rose,31
rotate,1
rotating,2
rotted,1
rotten,1
rotting,1
rough,1
roughs,2
round,40
rounded,3
roundhe,1
roused,3
rousing,2
rout,4
route,1
routed,1
routine,2
routing,1
row,6
rows,1
royal,2
rubbing,1
rubbish,4
rubble,1
ruddy,4
ruddybrown,1
rudimentary,1
ruffled,1
ruin,3
ruined,5
ruinous,1
ruins,22
ruinsi,1
rule,1
rules,1
ruling,1
rumbled,1
rumbling,2
rumours,1
run,14
running,35
runs,8
rush,7
rushed,12
rushing,9
rustle,1
rusty,4
ruthless,2
ruthlessly,1
sabbathbest,1
sabbatical,1
sack,2
sad,2
safe,7
safely,1
safer,1
safety,8
said,166
sailing,1
sailors,3
sails,1
sake,2
salient,1
saliva,1
sallow,1
sally,1
salmon,1
saluted,1
salvation,2
same,20
samson,1
sand,26
sandwiches,1
sane,2
sanely,1
sanitary,1
sank,8
sap,1
sapper,2
sappers,1
sash,1
sat,27
satisfied,1
satisfy,1
satisfying,1
saturday,6
savage,3
savagedegenerate,1
savagely,2
save,24
saved,3
saving,2
saw,129
sawdust,1
sawingmachine,1
say,17
saying,4
says,3
scalded,5
scaldingly,1
scale,2
scaled,1
scaly,2
scanning,1
scarce,2
scarcely,31
scared,6
scarlet,1
scarred,1
scattered,14
scattering,2
scene,4
scenery,1
scent,2
scheme,4
schiaparelli,1
school,1
schoolboy,1
schoolroomcontaining,1
schoolswhat,1
science,3
sciencelearn,1
scientific,2
scintillated,1
scoffed,1
scorch,1
scorched,5
scorching,1
score,5
scores,1
scotch,1
scouts,2
scowling,1
scramble,1
scrambled,4
scrambling,3
scrap,2
scraping,2
scraps,1
scratching,2
scream,2
screamed,3
screaming,5
screams,1
screw,4
screwed,2
scrutinise,1
scrutinised,1
scrutinizing,1
scrutiny,2
scrutinyand,1
scullery,19
scum,4
sea,11
seafor,1
searched,1
searchlight,1
searchlights,1
seas,1
seasons,1
seasonticket,1
seat,6
seated,3
seatluckily,1
seats,3
seaward,6
second,27
seconds,2
secret,1
secular,1
secure,6
secured,2
securely,3
securer,1
securing,2
security,3
see,70
seed,1
seeds,2
seeing,2
seek,1
seeking,2
seem,27
seemed,91
seemedit,1
seeming,1
seems,14
seen,66
seething,1
seized,4
selection,3
selenite,1
self,1
selfish,2
selfpreservation,1
selling,4
semidetached,1
send,5
sending,6
sennacherib,1
sensation,2
sense,14
senses,1
sensible,2
sensibly,1
sensitive,1
sent,11
sentence,2
sentences,1
sentiment,1
sentimental,1
sentinel,5
sentinels,1
separate,2
separating,1
sequence,2
serene,2
serenely,1
serenity,2
series,2
seriocomic,1
serious,3
seriously,1
seriousness,1
serpent,1
serpentine,1
servant,3
servants,2
served,4
serves,1
service,4
serving,1
set,18
setting,5
settled,2
settlement,1
seven,8
seventeen,1
seventh,2
several,20
severe,1
sex,1
sexual,2
shabbily,1
shabby,1
shade,1
shadow,6
shadowed,1
shadows,7
shadowy,1
shady,1
shaft,2
shafts,1
shaggy,1
shake,1
shall,8
shallow,4
sham,2
shape,9
shapes,3
share,1
shared,3
sharp,6
sharply,2
shattered,4
shaved,2
shawl,1
she,38
sheath,1
shed,3
sheds,1
sheen,4
sheep,3
sheer,1
sheerly,1
sheet,4
sheets,2
shelf,1
shell,6
shelled,1
shells,6
shelter,4
sheltered,3
shepherdthe,1
shepperton,13
shield,2
shields,1
shift,2
shifted,2
shifting,3
shifty,1
shilling,2
shining,9
shiny,3
ship,2
shipful,1
shipping,8
ships,6
shirt,3
shirts,1
shivered,2
shivering,4
shocks,1
shoebury,1
shoeburyness,2
shone,1
shook,4
shoot,1
shooting,4
shoots,1
shop,7
shopman,2
shopmen,2
shops,7
shore,2
shoreditch,1
shoreward,2
shorewards,1
short,4
shortened,1
shortly,1
shortsighted,1
shot,13
shots,5
should,22
shoulder,9
shoulders,3
shout,3
shouted,16
shouting,13
shouts,5
show,4
showed,6
shower,1
showing,3
shown,1
shreds,2
shriek,3
shrieked,2
shrieking,3
shrieks,2
shrivelled,4
shroud,1
shrouded,2
shrubbery,4
shrubs,2
shrunk,1
shunting,2
shut,5
shutters,2
sick,1
sickleshaped,1
sickly,3
side,55
sidereal,1
sides,5
sideways,4
sidings,1
siege,1
sight,31
sighta,2
sightseers,1
sign,5
signal,6
signallers,1
signalling,1
signallingthat,1
signals,1
signs,4
silence,12
silent,32
silently,6
silhouette,2
silicious,2
silly,3
silver,3
silvery,2
similar,3
similarly,1
simple,2
simply,12
simultaneously,4
since,25
singed,1
singersi,1
singing,3
single,3
singularly,3
sink,1
sinking,3
sinned,1
sins,1
sinuous,2
siphon,1
sir,7
siren,1
sirenlike,1
sister,2
sisterinlaw,3
sit,5
site,1
sits,1
sitteth,1
sitting,6
situation,4
six,18
sixmillion,1
sixteen,4
sixth,3
size,4
sizzling,1
skedaddle,2
skedaddling,1
skeleton,3
skeletons,5
skeletonsnot,1
skies,1
skin,5
skins,2
skirmishing,1
skirt,1
skirting,1
skulking,1
skull,1
skulls,1
sky,45
skya,1
skyrows,1
slain,7
slake,1
slammed,1
slamming,1
slanting,1
slantingly,3
slashed,3
slaughter,1
slay,1
sleep,3
sleeping,6
sleepless,1
sleeps,1
sleeves,1
slender,8
slept,7
slices,1
slid,2
slide,1
sliding,3
slight,2
slightest,2
slightly,2
slime,1
slink,1
slip,1
slipped,1
slipper,1
slippers,1
slippery,1
slipping,2
slit,7
slope,6
slopes,2
slow,5
slowly,43
slowness,1
sluggish,6
sluggishly,2
smack,1
smacks,1
smacksenglish,1
small,19
smaller,3
smartly,1
smash,3
smashed,27
smashing,6
smeared,2
smell,2
smellgood,1
smite,1
smithereens,1
smiths,1
smoke,78
smoked,3
smoking,7
smoky,3
smooth,1
smote,4
smothered,2
smouldering,3
snake,2
snapped,1
snare,1
snatched,3
sneaking,1
snippy,1
snowballs,1
snowcaps,1
snowstorm,1
snuffing,1
so,185
soaked,2
soaringmachines,1
sob,1
sobbing,1
sober,1
sobered,1
social,3
sock,1
sockets,2
socks,1
sodden,4
sodom,1
sofa,1
soft,1
softened,3
softening,1
softens,1
softly,3
softness,1
soil,3
sojersll,1
solar,1
soldier,7
soldiers,13
soldiershere,1
soldierssappers,1
sole,1
solitary,4
solitude,2
sombre,2
some,117
somebody,1
someday,1
someone,1
something,37
somethingi,2
somethingsomething,1
sometimes,6
somewhere,4
son,2
sons,1
soon,21
sooner,1
sootsmudged,1
sorrow,1
sorry,1
sort,18
sorts,2
sought,1
soul,7
souls,5
sound,32
sounded,4
sounds,7
soup,1
soups,1
source,3
sources,1
south,12
southampton,2
southclatter,1
southeast,2
southeastern,2
southend,1
southern,1
southnothing,1
souththinking,1
southward,6
southwest,2
southwestern,5
southwestward,1
sovereigns,1
space,19
spaces,1
spade,5
spades,2
spanking,1
spared,1
sparing,1
spark,1
sparks,2
sparrow,1
spasm,1
spasmodic,1
spasmodically,1
spat,1
spate,1
spatulate,1
speak,5
speaker,2
speaking,2
special,7
species,5
specimen,1
speck,1
specks,1
spectacle,1
spectators,3
spectrally,1
spectroscope,1
spectrum,2
speculate,1
speculation,1
speculations,1
speculative,2
speech,2
speechlessly,1
speed,2
speedily,2
spent,7
sphere,1
spider,1
spiderlike,1
spies,1
spinneys,1
spinning,2
spire,2
spirerose,1
spires,1
spirit,4
spirits,2
spit,1
spite,11
splash,2
splashed,7
splashes,1
splashing,1
splendour,1
splinter,1
splintered,1
splinters,1
split,2
splitring,1
splitting,1
spoiled,1
spoke,8
spoken,3
sponges,1
spongy,1
spoon,1
spot,1
spotted,3
spout,1
spouting,1
sprang,8
sprawling,2
spray,2
spread,11
spreading,7
spring,2
spun,1
spurt,1
spurting,1
spurts,1
squad,2
squadron,1
square,4
squares,3
squatters,1
squeal,1
squealing,2
squeamish,1
squirted,2
st,19
stabbed,1
staccato,1
stack,1
stage,1
stagger,1
staggered,8
staggering,3
stained,1
staines,3
stair,2
staircase,2
stairs,2
stalking,1
stalwart,1
stampede,1
stampedea,1
stand,7
standing,33
standingroom,1
stands,2
stanmore,4
star,14
starboard,1
stardust,1
stare,4
stared,14
staring,29
stark,1
starlight,6
starlit,1
stars,10
starsive,1
start,5
started,10
starting,3
startled,4
startling,2
starts,1
starvation,1
starving,4
state,8
stated,2
states,2
static,1
station,35
stationary,2
stations,4
stay,6
stayed,3
staying,2
steadfastly,2
steadily,7
steady,6
steak,1
steal,1
steam,22
steamboat,7
steamboats,1
steamer,10
steamers,1
steaming,2
steamships,1
steel,1
steely,2
steep,2
steering,1
stems,3
stent,8
stents,1
step,7
stepped,4
stepping,1
steps,1
stereo,1
stereotyped,1
stern,1
stick,4
sticking,1
sticks,2
stiff,3
stifling,1
stile,1
still,94
stilled,2
stillglowing,1
stillness,13
stillwet,1
stilts,2
stimulated,1
stinging,1
stippled,1
stir,3
stirred,3
stirring,9
stock,1
stokers,1
stomachs,1
stones,2
stood,72
stool,2
stooped,1
stooping,2
stop,13
stopped,30
stopping,3
store,2
stored,1
stores,3
stories,2
storing,1
storm,11
storms,1
story,16
stout,2
stragglers,1
straggling,1
straight,6
straightway,1
strained,2
straining,1
strand,5
strange,46
strangely,5
strangeness,5
strangers,1
strangest,8
straw,1
strawberries,1
stray,1
streak,1
streaked,1
stream,15
streamed,3
streamer,2
streamers,3
streaming,4
street,38
streetportman,1
streets,27
strength,10
strengthened,1
stress,7
stretch,1
stretched,5
stretcher,1
stretches,2
stretching,2
stride,3
strides,3
striding,9
strike,5
strikes,1
striking,6
string,3
stripes,2
strite,1
strolled,1
strong,5
stronger,5
struck,20
structure,4
structures,1
struggle,14
struggled,9
struggling,8
stuck,2
student,1
students,2
studied,1
studs,1
study,11
stuff,1
stumble,2
stumbled,8
stumbling,4
stung,1
stunned,2
stunted,1
stupefied,1
stupid,3
stupidly,2
stupidrubbish,1
sturdy,4
subject,1
submerged,2
submit,1
subsequent,1
subsequently,1
subsided,1
subsist,1
substance,1
substratum,1
subtlety,1
subtletytheir,1
suburban,2
suburbs,2
subways,1
succeed,1
succeeded,6
success,1
succession,2
succumb,2
succumbed,2
such,49
sucking,1
suctional,1
sudden,16
suddenly,57
suddenlyfire,1
suffer,3
suffered,3
suffice,1
sufficient,2
sufficiently,7
suffocated,2
suffocating,1
suffocation,1
suggested,3
suggestion,4
suggestions,2
suggestive,1
suits,1
sullen,1
sum,1
summer,2
summerhouse,1
summit,5
summits,1
sumptuous,1
sums,1
sun,26
sunbury,7
sunday,19
sundaynight,1
sundaysfear,1
sunk,2
sunken,3
sunlight,9
sunlit,3
sunny,1
sunrise,2
sunscorched,1
sunset,10
sunward,2
superficial,1
superheated,1
superhuman,1
superior,1
superiority,2
supersede,1
superseded,1
supped,1
supper,2
supping,1
supplements,1
supply,2
support,2
supporters,1
supports,1
suppose,10
supposed,1
supposes,1
supposing,1
suppression,1
sure,1
surely,3
surface,13
surgeon,1
surging,1
surmounted,1
surprise,2
surprised,4
surrey,10
surrounded,3
surrounding,2
surveying,2
survival,1
surviving,1
survivors,4
susceptible,1
suspecting,1
suspense,6
suspicion,1
sustained,3
swallowed,3
swam,1
swamp,1
swampy,1
swarm,5
swarmed,2
swarming,4
swayed,4
swaying,5
sweating,1
swedish,1
sweep,1
sweeping,4
sweet,3
sweetness,1
sweetstuff,1
swept,15
swerved,1
swift,12
swifter,1
swiftly,13
swiftness,1
swimming,2
swims,1
swinging,2
swipes,1
swish,4
sword,2
swore,1
swung,3
symbolism,1
sympathetic,1
system,3
systematic,1
systems,2
table,9
tablecloth,1
tactile,1
tail,1
taint,1
tainted,1
take,17
taken,16
taking,9
tale,2
talk,6
talked,13
talking,7
tall,5
tallies,1
tame,2
tamed,1
tang,1
tangle,2
tangled,1
tanks,1
tap,1
tapped,1
tapping,2
taproom,1
tarred,1
task,2
tasmanians,1
taste,1
tattered,4
taught,3
tea,2
teacher,1
teachers,1
teaching,1
tearing,2
tearless,1
tears,5
tedious,1
tediously,2
teeth,2
telegram,4
telegrams,3
telegraph,5
telegraphed,1
telegraphic,1
telepathic,1
telescope,5
telescopes,1
telescopic,2
tell,19
telling,3
tells,2
temerity,1
temperate,1
temperature,3
tempering,1
temple,1
temporary,3
tempted,1
ten,11
tendency,1
tender,1
tense,1
tensely,1
tentacle,8
tentacles,14
tentacular,2
tenth,3
tents,1
termini,1
terminus,2
terrace,5
terraces,2
terrestrial,11
terrible,17
terriblewithout,1
terrified,5
terrifying,1
terror,20
terrors,1
text,1
thames,19
thamesside,1
than,55
thanked,1
thanking,1
thanks,1
that,766
thats,21
the,4774
theatre,1
their,213
theirs,2
them,184
themby,1
themes,1
themhide,1
themno,1
themselves,13
themselvesuntil,1
then,167
thena,1
thence,5
thenfire,1
thenks,1
thennext,1
theodolite,1
theory,1
there,243
thereabout,1
therefore,3
therefrom,1
therein,1
therell,1
therenumber,1
thereon,1
theres,17
these,114
thesethe,1
they,320
theyd,1
theyll,6
theyre,4
theyve,7
thick,10
thickening,1
thicker,1
thicket,2
thickly,1
thickness,1
thief,1
thin,12
thing,50
thinglike,1
things,61
thingscertainly,1
thingsmaking,1
thingstaken,1
think,28
thinking,7
thinks,2
thinning,1
third,20
thirst,5
thirsty,6
thirteen,2
thirteenth,1
thirty,3
thirtysix,1
this,248
thishell,1
thisll,1
thither,4
thomas,1
thoroughfares,1
those,55
though,25
thought,47
thoughtful,1
thoughtless,1
thoughts,3
thousand,5
thousands,2
thread,4
threads,2
threat,1
threatened,5
threatening,2
threats,1
three,63
threepence,1
threes,2
threw,3
throat,4
throatswayed,1
throbbed,2
throbbing,1
throne,1
through,124
throughout,4
throw,1
throwing,7
thrown,4
thrust,6
thrusting,4
thud,9
thudding,2
thudthe,1
thunder,9
thunderaloo,1
thunderclap,1
thunderclaps,2
thundering,1
thunderous,1
thunderstorm,5
thunderstorms,1
thus,4
ticking,1
tidal,1
tide,1
tidings,3
tied,1
tight,1
tike,1
tiles,3
till,3
tillingham,2
tilted,2
timber,1
time,120
timea,1
times,12
timidity,1
timorous,2
tin,3
tinned,1
tins,2
tint,1
tinted,1
tip,1
tire,1
tired,5
titan,3
titanic,1
to,1172
tobacconist,1
tocsin,1
today,1
together,16
toils,1
told,32
toll,3
tomorrow,1
tone,5
tonethat,1
tongue,2
tongues,2
tons,2
too,39
took,23
top,20
topic,1
topped,1
topple,1
toppled,1
tops,8
tore,1
torment,2
torpedo,1
torpedoboats,1
torpor,2
torrent,11
tortuous,1
tortured,1
tossed,1
tossing,1
tottering,1
touch,10
touched,8
touching,1
tough,1
towards,129
tower,7
towered,1
towering,4
towers,7
towing,3
town,11
towns,2
trace,2
traced,1
traces,2
track,1
tracking,1
trade,1
trafalgar,1
traffic,8
tragedy,4
train,16
trains,14
traitor,1
tramping,2
trampled,4
trampling,1
tramps,2
tranquil,3
transferring,1
transfixed,1
transient,2
transit,1
transition,1
transitory,1
translation,1
transport,1
transverse,2
trap,1
traps,1
travelled,2
travellers,1
traversed,1
treading,2
treasures,1
treble,1
tree,8
trees,61
treetops,5
tremble,1
trembled,2
trembling,1
tremendous,5
tremors,1
trench,1
trenches,3
trenching,1
trial,2
triangle,2
triangular,4
trick,2
trickswho,1
tricycles,1
tried,12
trim,1
trimly,1
trimmed,1
tripod,7
tripods,1
trivial,2
trod,1
trodden,1
troops,5
tropical,1
trouble,9
troubled,2
trough,2
trousers,3
trowels,1
truck,1
trucks,2
trudged,1
true,5
trumpet,1
trumpeting,1
trundling,1
trunk,3
trunks,1
trust,1
truth,1
try,2
trying,9
tube,5
tubes,3
tuesday,1
tug,1
tumble,1
tumours,1
tumult,15
tumultuous,10
tumultuously,2
tunicates,1
tunnel,2
tunnels,1
turf,2
turn,5
turned,48
turning,14
turns,1
tussle,1
twelfth,3
twelve,4
twelvepounder,1
twelvepounders,1
twentieth,1
twenty,5
twentyfour,5
twice,3
twickenham,3
twigs,1
twilight,11
twin,1
twisted,3
twisting,1
two,85
twoas,1
twos,2
twowheeled,1
tympanic,1
type,1
ugh,1
uglier,1
ugly,2
ulla,28
ultimate,1
ultimately,1
ultimatum,1
ululation,1
umbrella,1
unable,5
unaccountable,1
unacquainted,1
unanimity,2
unanimous,1
unapproachable,1
unarmed,1
unavailingly,1
unavoidable,3
unaware,1
unawares,1
unbroken,2
unburied,1
unburned,1
unbuttoned,2
unclean,1
uncleanlooking,1
unconcernedly,1
uncooked,1
uncovered,2
undecided,1
undeniable,2
under,69
undergoing,1
underground,2
understand,9
understood,6
undertones,1
undisciplined,1
undisturbed,1
undone,1
undulating,1
unearthly,3
uneasy,1
unemployed,1
unendurable,1
unequal,1
unerring,1
unexceptional,1
unexpectedly,3
unexplained,1
unextinguished,1
unfaithful,1
unfamiliar,8
unfast,1
unfastened,1
unfathomable,1
unfolding,1
ungovernable,1
unhappily,1
unhealthy,1
unheeded,1
unhesitatingly,1
unhoped,1
uniform,1
unillumined,1
uninhabitable,1
uninjured,2
unintelligently,1
union,1
universal,2
universe,2
unkempt,2
unknown,8
unless,2
unlike,3
unlikely,1
unlimbered,1
unlocking,1
unmanning,1
unmistakable,1
unmistakably,1
unnaturally,2
unobserved,1
unoccupied,1
unpacking,1
unparalleled,1
unprepared,1
unprogressive,1
unprotected,1
unproven,1
unprovisioned,1
unreal,1
unreasonable,1
unridable,1
unripe,1
unsatisfactory,1
unscrew,1
unscrewing,3
unseasoned,1
unseen,6
unsettled,1
unspeakably,1
unsteadily,1
unsuccessful,2
unsuspected,2
unsympathetic,1
untarnished,1
until,49
unto,1
unusual,4
up,164
upheaval,1
upheld,2
uphill,1
upon,171
uponit,1
upper,5
uppermost,2
upperworks,3
upright,2
uprooted,1
uprush,1
upships,1
upstairs,4
upstream,1
upturned,1
upward,3
urged,3
urgency,1
urgent,4
urging,1
us,101
use,8
used,7
useful,1
useless,3
using,2
usmore,1
usual,4
usually,2
utmost,1
utter,3
uttered,1
utterly,1
vacancy,1
vacant,2
vacantly,1
vague,15
vaguely,5
vaguest,3
vain,7
valley,9
valleys,1
vallyble,1
valuables,3
vanish,1
vanished,15
vanishing,2
vanity,1
vantage,1
vapour,20
variation,1
varied,1
variety,1
various,2
vast,16
vastly,1
vastness,2
vaults,1
vegetable,1
vegetation,2
vehemence,1
vehement,1
vehicles,8
veil,3
veiled,1
veiling,1
vein,1
veins,1
velocity,1
velvetblack,1
vender,1
venders,1
ventilators,1
ventured,6
venturing,1
venus,5
verge,7
verily,1
vermin,1
vertebrated,1
vertical,4
vertically,1
very,79
vessel,1
vessels,5
vestiges,4
vestries,1
vestry,1
vibrating,1
vibration,3
vicar,1
victim,1
victims,2
victoria,2
view,10
views,2
vigil,1
vigilant,2
vigorously,1
vigour,1
villa,2
village,12
villages,2
villas,8
violence,5
violent,6
violently,9
violentlywas,1
violet,2
violetpurple,1
virginia,1
virtue,3
visible,10
vision,2
visiona,1
visited,1
visitors,2
visual,1
vital,1
vitality,1
vitiated,1
vivid,10
vividly,4
vividness,1
vogue,1
voice,15
voiceellen,1
voicei,1
voices,13
void,3
volcanic,2
volcanoes,2
volition,1
volley,2
volume,3
volumes,2
volunteers,1
vshaped,1
vulgar,1
waddle,1
wade,1
waded,3
wading,4
waged,1
waggon,4
waggoner,1
waggons,6
wailed,1
wailing,3
waist,1
waistdeep,1
wait,2
waited,1
waiting,7
wake,2
walham,1
walk,4
walked,11
walking,15
wall,16
walled,2
wallpaper,1
walls,6
waltham,2
walton,8
wandered,4
wanderers,1
wandering,3
wanderingly,1
wandle,1
wandsworth,1
want,8
wanted,6
wantonness,1
wants,2
war,11
warbut,1
warfare,2
warm,6
warma,1
warmachines,1
warmer,1
warn,2
warned,4
warning,3
warped,1
warred,1
wars,2
warship,1
warships,2
wary,1
was,850
washup,1
wasnt,1
wasps,1
waste,1
wasteful,1
watch,9
watched,16
watchers,1
watchful,1
watching,17
water,74
watercourses,1
waterline,1
waterlogged,1
waterloo,6
waters,4
watersoaked,1
waterworks,1
watery,1
wave,4
waved,2
waves,5
waving,2
way,99
wayfarers,1
waylaid,1
waylay,1
ways,2
wayside,2
waytheyd,1
we,247
weak,6
weaklings,2
weakness,2
weal,1
weapon,1
weapons,1
wear,1
wearied,1
wearily,1
weariness,1
wearing,1
wearisome,1
weary,12
wed,1
wedge,1
wedgelike,1
wednesday,1
weed,31
week,4
weeks,1
weep,2
weeping,10
weigh,1
weighed,1
weight,3
weird,3
welcome,1
well,22
welli,1
wellington,4
wellknown,1
wellnigh,2
wells,1
went,99
were,379
werent,1
werethere,1
west,10
westbourne,1
western,6
westminster,4
westto,1
westward,2
wet,8
weve,5
wey,6
weybridge,26
weybridgehad,1
what,101
whatand,1
whatever,5
whats,10
whatwas,1
wheat,1
wheatreached,1
wheel,10
wheels,11
when,74
whenever,3
where,38
whereabouts,1
wheres,1
wherever,3
whet,1
whether,4
which,100
whichever,1
while,37
whim,1
whimpering,1
whip,6
whiplike,1
whipped,2
whips,1
whirl,2
whirled,3
whirling,6
whirr,1
whiskey,3
whisper,3
whispered,4
whispering,2
whispers,2
whistle,1
whistled,1
whistling,2
white,41
whitefaced,1
whitehot,1
whitened,2
whitewere,1
whitewould,1
whither,3
whitish,1
who,75
whod,1
whole,11
whom,7
whos,1
whose,8
why,11
wide,9
wideeyed,1
widened,1
wider,1
widow,1
wielding,1
wife,32
wifemy,1
wifes,4
wild,5
wilderness,2
wildeyed,1
wildhis,1
wildly,2
will,39
willing,1
willows,1
wimbledon,8
win,1
winchester,1
wind,3
window,38
windows,14
winds,1
windsor,3
wine,8
wineglass,1
wines,1
wings,1
winter,1
wiped,4
wiping,1
wire,2
wireguns,1
wires,1
wiring,1
wisdom,1
wiser,1
wish,2
wished,1
wishing,2
wisps,3
with,447
withdrawn,2
withdrew,2
withheld,1
within,30
without,38
witless,1
witness,2
witnessesall,1
wits,3
wives,2
wobbled,1
wobbling,1
woe,6
woke,2
woking,53
woman,18
women,13
womentheir,1
wonder,6
wonderful,7
wonderfully,1
wondering,6
wont,7
wood,13
wooden,1
woodmen,1
woods,18
woolwich,2
woolwicheven,1
word,4
wordand,1
worded,2
words,2
wordthey,1
wore,5
work,23
workall,1
workday,1
worked,9
working,14
workive,1
workman,3
workmans,1
workmen,3
world,26
worlds,3
worm,1
worried,3
worry,1
worst,4
worthy,2
would,99
wouldnt,1
wound,1
wounded,3
wrapped,2
wrath,1
wreckage,7
wrecked,6
wrecks,1
wrenched,2
wrestling,1
wretch,1
wretched,6
wretchedness,2
wretchs,1
wriggled,1
wrist,2
write,1
writer,3
writers,1
writhing,7
writing,4
writingtable,1
written,5
wrong,3
wrought,2
yachts,1
yard,2
yards,24
year,2
years,10
yearsas,1
yell,1
yelled,5
yelling,2
yellow,7
yellowishwhite,1
yelping,3
yer,3
yes,5
yeswait,1
yet,37
yielded,1
yonder,5
you,69
youd,3
youll,5
young,10
younger,2
your,4
youre,2
yourself,3
youth,1
youve,3
zenithward,1
zodiac,1
zones,1
zoological,1
