half,30
belligerent,1
stents,1
shooting,4
abrupt,1
hall,3
childs,1
pretend,1
guards,1
dislocated,1
tea,2
drunk,3
imperfect,1
pick,2
rattled,2
coals,3
ten,11
shrieking,3
daring,4
sake,2
energy,6
spreading,7
squares,3
investment,1
click,1
2,1
heartthrobbing,1
magnified,1
whitened,2
rounded,3
amusing,1
malden,2
newspaper,4
telling,3
hang,2
turf,2
gleams,2
turn,5
gold,6
opposition,7
golf,4
same,20
selfish,2
vitiated,1
after,101
waytheyd,1
redoubt,2
staircase,2
rational,1
hand,30
resume,3
a,1605
blistered,1
coaly,1
g,1
h,1
sombre,2
i,1257
weeping,10
eating,10
blood,12
gripping,2
o,1
the,4774
straight,6
entering,1
creepers,1
throbbed,2
readers,2
exciting,2
sunset,10
bubbling,1
obvious,2
information,2
earthward,1
waggoner,1
reeled,3
straining,1
november,1
reopened,1
confluence,1
spouting,1
resolve,2
infuriated,1
earths,1
good,18
empty,15
deploy,1
skeleton,3
passable,1
suffered,3
besides,5
tin,3
serious,3
tip,1
delivering,1
suspecting,1
quickening,1
enquiring,1
gone,28
sane,2
sand,26
walked,11
culvert,1
aside,10
forethought,1
thennext,1
projecting,1
sank,8
selfpreservation,1
blotted,1
harm,1
disturbed,5
effecting,1
tripod,7
flannel,1
motive,2
root,1
projection,2
hard,13
multiply,1
termini,1
pioneers,3
roof,7
umbrella,1
quarters,1
rook,1
reasserted,1
room,13
better,14
sightseers,1
haggard,6
creeps,1
apostles,1
unprogressive,1
taking,9
terrifying,1
fountain,2
breadth,1
hats,1
knockers,1
assiduously,1
fiercer,1
discharged,6
gained,3
flashing,2
sash,1
struck,20
hate,1
dinners,1
flow,1
order,18
pressed,3
manholes,1
mustnt,1
exertion,1
resonance,2
illustrated,1
itmen,1
presses,1
cancers,1
microscopic,1
women,13
pink,5
woman,18
pine,30
save,24
protection,1
stagger,1
footsteps,3
sickleshaped,1
scrap,2
top,20
too,39
orderly,2
have,218
casting,1
wineglass,1
jagged,1
beholder,1
energetic,1
navycrowded,1
additions,1
question,2
spirit,4
intellectual,2
wishing,2
picture,6
warmer,1
regard,4
babbling,1
rose,31
thousand,5
tortured,1
cow,1
wordthey,1
bruise,1
gown,1
pipe,1
roundhe,1
sentinels,1
timea,1
circumstances,1
enquiries,1
devising,1
rout,4
plenty,1
rainwater,2
halflight,2
gout,1
mapped,1
indistinguishable,1
lugging,2
try,2
imperceptibly,1
became,29
spectrally,1
hazy,2
scenery,1
times,12
haze,9
exhorted,1
vertebrated,1
jolted,2
says,3
direction,23
ammunition,4
cry,8
rows,1
spires,1
pineapple,1
activities,1
unfamiliar,8
impatience,1
directing,3
incident,1
caught,13
artillerymans,1
tug,1
carvers,1
clamour,1
pity,2
pits,14
unoccupied,1
beautiful,3
worked,9
refrain,1
beforejust,1
state,8
contrasted,1
element,2
probable,4
opposite,4
deputation,2
restraint,1
watchful,1
offering,1
furze,3
shots,5
sweeping,4
cut,11
probably,5
dread,2
battery,3
weighed,1
two,85
moment,47
chemists,1
mettle,1
calmly,1
attack,3
humour,1
reported,1
worried,3
distribute,1
shout,3
kitchen,23
prevented,2
immigrants,1
think,28
occurred,8
dawnstreamed,1
wrecks,1
replaced,3
reporter,1
marvin,1
hooting,5
hazily,1
watch,9
speech,2
purple,1
thing,50
pancras,2
tedious,1
sappers,1
manor,1
glare,13
terrestrial,11
shook,4
dying,5
blows,2
shoot,1
starts,1
lackadaisical,1
mockturtle,1
budget,1
actual,4
glass,7
eastern,1
clatter,4
reflection,1
ultimate,1
jacket,1
belsize,1
spurting,1
privileged,1
rashness,1
shops,7
carnivorous,1
clumsiness,1
johns,5
expiring,1
memory,6
telescopic,2
farmers,1
house,58
disaster,2
dissection,1
dropspossessed,1
stark,1
lifting,1
cumulus,1
stare,4
hours,17
start,5
shore,2
stars,10
anothers,1
stumbled,8
pumping,1
fallen,20
recipient,1
illuminated,2
short,4
inundate,1
measured,2
downward,1
funnel,1
attitudes,2
ninety,1
facade,1
trains,14
required,2
blackveiled,1
measures,1
crumpled,3
golden,2
enter,1
brickwork,2
shipful,1
sabbathbest,1
destroy,4
wretch,1
railways,2
coast,10
telescopes,1
circling,1
ants,8
fulham,3
bright,17
planned,1
unknown,8
cardigan,4
stereotyped,1
waddle,1
manners,1
motionless,11
billowy,1
snuffing,1
signallers,1
roadskates,1
reconnoitred,1
blown,1
kopjes,2
walled,2
horrorstruck,1
barely,2
hanging,4
projectile,3
outlines,1
tell,19
possession,7
flames,8
frothing,1
shown,1
audible,4
slashed,3
pointing,6
trucks,2
day,67
keeps,1
accustomed,2
thenks,1
flattened,1
raising,2
circumspectly,1
foaming,1
drinking,5
harrow,1
island,2
created,1
socks,1
water,74
striding,9
flirtation,1
countless,4
scattering,2
grassy,1
camefear,1
pierced,1
ogilvy,20
flamed,1
apples,2
antagonists,3
elsewhere,1
blackwater,3
guarded,1
mumble,1
werent,1
tramping,2
sixteen,4
specimen,1
dated,1
heaving,1
cursing,1
clapham,3
built,3
aitches,1
noticing,1
threads,2
concentration,1
velocity,1
heavily,2
entertained,2
overtook,1
third,20
build,1
further,12
berkshire,1
stack,1
siren,1
contracted,1
mixing,1
preached,1
parliament,1
den,1
flushed,1
shouted,16
ashen,1
humped,1
wasps,1
ugh,1
circuitously,1
examining,1
railway,29
exuberance,1
billowing,1
wellknown,1
crisp,1
apparition,1
going,47
banks,4
carefully,1
impact,7
ashes,1
whipped,2
beginnings,2
flakes,1
compare,2
bodies,18
waited,1
awkwardly,1
grasp,1
composition,3
grass,7
unlike,3
gesticulating,2
crowdone,1
wednesday,1
hotel,1
latch,1
rigid,2
beforepacked,1
business,3
advent,1
wordand,1
tumultuously,2
possible,20
right,18
astride,1
partly,2
roadcleaners,1
inscribed,1
stage,1
taught,3
watersoaked,1
returning,3
complicated,5
under,69
desert,1
did,85
ladiesno,1
quarter,6
die,8
dig,2
disorganised,1
quantities,2
din,2
dim,8
dangerously,1
believing,1
fears,5
later,12
retriever,1
midst,4
leviathan,1
forgotten,1
molten,1
leathery,1
possibly,4
amazingly,1
brows,1
sumptuous,1
seasons,1
stray,1
static,1
journey,2
finally,3
remained,19
conviction,2
brown,12
straw,1
altogetherand,1
hideous,1
feast,1
misleading,1
propagation,1
colchester,1
puzzled,2
excursions,1
final,3
expiration,1
inconceivably,1
whispering,2
pitypity,1
occasion,4
transfixed,1
bred,1
overwhelmed,1
back,73
swaying,5
expectation,4
heavier,1
resisting,2
heeded,2
hamstringing,1
states,2
paler,1
pound,1
sheets,2
wasnt,1
ferry,1
company,6
thomas,1
dimmed,1
blinded,5
usmore,1
length,6
concerns,2
vestiges,4
lemurs,1
searchlights,1
blackened,21
overwhelming,1
baby,1
knots,1
showing,3
ebony,1
tempering,1
lunch,1
armies,1
helping,2
thirteenth,1
attempt,5
thick,10
cylinderan,1
tiles,3
balance,1
injected,1
lock,2
resorted,1
text,1
slamming,1
pitch,1
fools,1
kindness,2
lying,14
glittering,9
made,71
being,48
yielded,1
lobb,1
merchantmen,1
calmer,1
contents,1
substratum,1
warned,4
interval,3
dog,18
counterbalance,1
towing,3
curve,5
bags,1
thief,1
dot,2
pours,1
scattered,14
exodus,1
vallyble,1
government,4
known,6
stream,15
brewers,1
pearshaped,2
condemnation,1
brim,2
crime,1
stand,7
subtletytheir,1
blindingly,1
knows,3
pavement,3
groundthey,1
cigarette,1
forward,12
threes,2
shone,1
microorganisms,1
deriving,1
crouched,8
darts,1
discreet,1
stinging,1
mail,2
use,8
subject,1
sootsmudged,1
main,8
rockets,3
monopoly,1
continuous,1
peering,7
lungs,2
strawberries,1
terraces,2
credit,2
oxygen,2
compositor,1
likes,1
alter,2
cries,1
waste,1
cheerfully,1
panicin,1
bearing,2
expectant,3
broom,1
dry,5
streak,1
londonwards,1
poisoned,1
picking,3
dispose,1
stair,2
necks,1
blindly,2
ellen,1
commended,1
sennacherib,1
reckless,1
smoking,7
hither,3
threats,1
mounds,2
make,21
terriblewithout,1
penetrated,1
nightshirt,1
questioned,1
waving,2
hummock,1
sundaynight,1
noisome,1
eloquently,1
thread,4
rapidly,5
puffs,6
intensity,3
clacton,1
witness,2
due,5
dug,1
clustering,1
threat,1
crescents,1
invention,1
upperworks,3
woke,2
crammed,1
sorrow,1
hampsted,1
trees,61
observed,1
hiding,8
observer,2
bank,16
verily,1
flourished,1
meaning,4
brow,1
reassure,1
oppressed,2
bang,2
drawing,2
expended,1
moreat,1
meaningless,1
released,1
boxes,4
upheaval,1
12,1
boxer,1
august,1
singing,3
mall,1
cracking,1
willows,1
benefit,1
vastly,1
furtive,1
importunities,1
sober,1
allies,1
worlds,3
shelter,4
examine,1
wiping,1
long,49
remember,22
examined,2
cleanminded,2
atrocity,1
expression,3
bother,1
star,14
mans,7
many,33
stay,6
stardust,1
hundredton,1
dye,1
sovereigns,1
extensive,1
residential,1
swifter,1
progress,1
agent,2
starving,4
rapid,4
seven,8
irradiation,1
darker,1
swiftly,13
stationary,2
arent,3
speck,1
wood,13
skyrows,1
bare,5
palpitating,1
surprise,2
maps,1
dropping,3
disarray,1
seeds,2
invited,1
wont,7
bridges,2
look,13
crushed,5
dense,8
darken,1
grounds,3
undulating,1
nuts,1
smiths,1
milking,2
knock,2
mast,1
needed,2
marbled,1
mass,17
lord,12
stooping,2
muzzle,1
speed,2
bats,1
common,60
interest,6
ongar,1
themselves,13
seatluckily,1
nopoint,1
kensington,6
bath,1
twin,1
abruptlya,1
mars,43
steamer,10
disordered,3
laleham,1
bars,6
foreseen,2
growths,1
eagerly,1
landing,3
guildford,1
canard,1
formula,1
step,7
disgust,1
mark,6
spotted,3
lost,8
hatless,1
bodily,1
controlling,1
colliers,1
biology,1
worm,1
work,23
exceptional,1
lose,1
cattle,1
skulking,1
expanse,6
lumps,1
tinted,1
stampede,1
missionary,1
wore,5
word,4
stated,2
theory,1
spanking,1
forehead,2
secret,1
across,96
ear,3
wellnigh,2
rushed,12
indoors,1
eat,7
solitude,2
loud,4
booing,1
disagreeable,2
gathering,7
hunted,2
opinion,3
lots,3
pinshead,1
horsell,24
soldier,7
stir,3
existence,8
maze,1
prettily,1
twos,2
octopuses,1
desolate,6
ramifications,1
pleasantries,1
mays,1
machinegun,1
luxuriesthe,1
unsettled,1
riverside,1
cavity,2
visitors,2
concerts,1
darkly,4
preparing,1
provision,1
thrust,6
seems,14
scientific,2
winter,1
clouds,13
platform,2
walking,15
unheeded,1
wildhis,1
accompaniment,2
opaque,1
advantage,3
spent,7
telegram,4
integument,3
instead,11
whispered,4
cloudy,2
offheatrays,1
anticipate,3
disorderly,2
knoll,1
imparted,1
slightest,2
temporary,3
hands,25
sufficiently,7
clamouring,1
year,2
lipless,1
allowed,2
staying,2
frothy,1
anguish,1
themes,1
enclosure,1
awaiting,1
empire,2
surveying,2
neat,2
visual,1
absent,1
near,53
silence,12
victims,2
countryleaderless,1
ragged,1
progressits,1
strolled,1
community,1
dyer,1
approachedhe,1
stop,13
howls,1
appropriate,1
insoluble,1
semidetached,1
shoeburyness,2
least,12
wouldnt,1
immediately,13
resignation,1
dabbing,1
subsequently,1
swimming,2
catastrophic,1
agreed,3
perceptive,1
density,1
learn,8
excepting,1
stung,1
neck,2
follymy,1
severe,1
tearing,2
leash,1
instructions,1
notes,3
evidence,3
caked,1
suspense,6
spring,2
samson,1
leave,11
cottage,2
serpent,1
faint,29
need,5
themby,1
shade,1
newspapers,2
staggered,8
hoxton,1
kindly,1
loose,7
crawling,6
hardly,1
alignment,1
useful,1
threepence,1
shady,1
companion,7
complained,1
tortuous,1
rigidity,1
sleeping,6
cheering,1
gates,5
precisely,2
calamity,2
lined,2
strand,5
lavelle,1
engine,6
intentionally,1
constituent,1
end,28
packed,1
lines,4
scum,4
trenches,3
forty,3
slippers,1
slippery,1
noted,2
special,7
horizon,1
specks,1
notei,1
joker,1
shaft,2
slightly,2
education,1
called,10
apex,2
turns,1
tried,12
howes,1
sanely,1
explode,1
greengrocer,1
outbreak,2
narrow,4
brave,1
sockets,2
idiots,1
splitting,1
stillglowing,1
decadence,1
mortlake,3
shape,9
harassed,1
forth,10
reinforced,2
gravel,6
seventh,2
graver,1
weapons,1
kneehigh,1
hadley,1
flyingmachine,2
shaggy,1
deathit,1
asked,14
singed,1
rights,1
ere,1
zoological,1
share,1
climber,1
throbbing,1
sharp,6
unripe,1
hatchet,2
vibrating,1
species,5
edgware,9
melts,1
flies,1
shake,1
degradation,1
naked,2
vibration,3
trial,2
perception,1
londonward,11
links,2
entrance,1
ancestors,1
hampstead,3
below,15
woods,18
intimately,1
surviving,1
shall,8
articulate,2
hanwell,1
driving,19
yell,1
secular,1
races,1
paddles,2
amusement,1
unexpectedly,3
godsend,1
raining,1
dreams,5
trick,2
dreamt,1
nameand,2
running,35
spies,1
eve,1
whispers,2
clefts,1
relieve,2
adjacent,4
transport,1
greyheaded,1
forms,7
farther,16
establishing,1
extraspecial,1
venders,1
pounds,4
meadows,11
pivot,2
represented,1
remorse,3
vacantly,1
shoots,1
joyful,1
waves,5
remain,2
expected,9
voices,13
tripods,1
eye,5
waved,2
himself,12
wanted,6
psalms,1
glaring,1
treble,1
disturbance,2
another,63
blotting,2
enemy,1
incontinently,3
default,1
drunken,1
stillness,13
insane,3
ducked,1
centres,1
horror,7
fluctuating,3
newcomers,4
livers,1
black,120
structures,1
nest,3
fortunate,1
such,49
recovered,1
deathas,1
splashing,1
describe,4
fetched,1
raiment,1
presently,35
foam,3
dwell,1
remains,3
features,1
white,41
sounded,4
openly,1
furniture,4
piers,1
huge,30
hilton,2
inarticulate,2
occupants,1
greenish,4
seeming,1
exclaimed,2
might,53
expressions,1
servants,2
museum,3
trumpet,1
clothing,3
fields,6
cousins,7
experimenting,1
next,23
import,1
submit,1
tricycles,1
churning,1
crimsoncoloured,1
summit,5
conclusion,2
central,2
hurriedly,1
organisations,1
gregg,1
eventhose,1
eddying,1
voicei,1
comfortingly,1
news,27
green,39
refreshed,2
race,5
was,850
war,11
barometer,1
grew,34
way,99
grey,20
sensation,2
brightness,5
attempted,2
window,38
play,1
disciplined,2
fought,5
quickly,7
packets,1
instruments,2
unaccountable,1
far,63
stuck,2
gables,1
shafts,1
plan,4
rained,2
spurts,1
physiology,3
reverberations,1
hunched,2
comfortable,1
completely,5
southclatter,1
rested,3
dividing,1
study,11
gardening,3
portion,6
differences,1
studs,1
irish,1
fever,3
piety,1
burned,4
receiving,1
couldnt,1
prowling,1
heatray,35
wed,1
memories,1
feeds,1
older,3
berlin,1
relieved,3
grip,2
wet,8
wey,6
electricity,1
great,49
loudvoiced,1
happened,21
staggering,3
rags,4
ordained,1
northward,18
proceeded,5
circumference,2
rage,2
sides,5
ebbed,1
behold,1
bishopsgate,1
fourday,1
stuff,1
grim,3
fed,1
halliford,9
looks,2
obstructive,1
provoke,1
presented,2
few,30
freshwater,1
rain,4
hunt,2
huns,1
hangs,1
rail,1
laughed,3
sunk,2
tranquil,3
opened,14
inner,1
personally,1
outside,16
effect,5
hung,10
humblest,1
elementary,1
topic,1
perceive,2
choked,3
sums,1
who,75
farmthe,1
game,2
volley,2
contribute,1
why,11
generator,3
remark,3
died,5
microscope,2
crackled,1
muffled,3
unproven,1
win,1
granaries,1
gale,1
electric,5
availed,1
oclock,18
starboard,1
various,2
attention,13
extent,2
smote,4
parent,1
workday,1
greeting,1
unbuttoned,2
luckily,2
[1898],1
fir,1
leaped,5
losing,3
fond,1
skins,2
fix,2
rana,1
wantonness,1
trembled,2
kilburn,4
ablaze,2
rang,1
preparatory,1
deaths,1
addition,3
barrow,3
doubts,2
colossi,1
grow,4
sure,1
excited,13
proceeding,1
am,15
an,139
former,5
panic,12
extend,1
blowing,1
as,446
chatham,1
foolery,1
at,441
yonder,5
haunted,1
nothings,1
interpretation,2
looking,17
simultaneously,4
formed,4
selenite,1
hurt,3
be,146
prove,2
excitable,1
cherished,1
masonry,1
systems,2
sudden,16
fool,1
by,254
foot,18
himwould,1
charge,1
keeping,6
bawling,2
altogetherthat,1
familiar,7
gaps,1
breathe,1
food,35
tropical,1
fly,3
withdrew,2
interview,1
observers,2
perceiving,1
admits,1
leatherheador,1
do,46
fore,2
woe,6
excessively,2
painfully,4
observe,1
strangeness,5
snare,1
accomplished,1
indescribable,2
attacks,1
garment,2
rare,1
corpses,1
preceded,1
criticism,1
gases,2
needy,1
which,100
needs,3
caricature,1
eh,7
fatigued,1
em,8
en,1
blight,1
donothing,1
downstairs,1
never,23
marble,1
piece,3
screams,1
intervened,2
wanderingly,1
stared,14
fog,1
limbs,5
tears,5
clamber,3
unmistakable,1
for,343
loneliness,1
watching,17
twilight,11
bloodstainedshook,1
perhaps,32
oily,2
rate,6
alert,1
orphanage,2
prophecy,2
rats,1
haziness,1
thence,5
recalled,3
go,50
treetops,5
unmistakably,1
form,11
ha,1
cylinder,64
gate,12
smouldering,3
wrestling,1
he,420
placed,3
placea,1
whips,1
wildeyed,1
divine,1
intricate,1
appeared,21
four,26
else,3
unaware,1
lilienthal,1
if,67
violently,9
likely,3
fro,22
unbroken,2
plates,1
im,8
in,991
dismissed,1
is,154
it,646
doorway,5
aimed,2
disputes,1
somebody,1
talked,13
writhing,7
lively,1
loaves,1
contrast,6
gave,24
whitish,1
knowsget,1
brittle,2
essex,4
cannonade,1
become,13
discoloured,1
whirr,1
trimly,1
eagerness,1
whirl,2
settlement,1
recede,1
neckdeep,1
spirerose,1
sending,6
customary,1
ability,1
belief,1
delight,1
alsomothers,1
chobhamstretched,1
knew,20
suggestion,4
torpedoboats,1
sullen,1
lantern,2
clearing,5
knee,2
places,9
cockchafer,1
footsore,2
slender,8
wooden,1
fattened,1
accomplishment,1
impeded,1
earshot,1
pursuant,1
political,1
solitary,4
while,37
second,27
ricocheted,1
that,766
picked,5
skirt,1
swiftness,1
than,55
sufficient,2
me,266
gasworks,2
communication,4
locked,7
bodiesa,1
fasten,1
blackness,5
contest,1
possessed,2
gorgon,1
greenhouse,1
formality,1
feeling,12
charms,1
my,469
flowing,3
repented,1
disk,4
copybooks,1
dream,5
dish,1
gaze,1
suggestive,1
rushing,9
warped,1
fluttered,1
rays,1
heat,17
no,174
student,1
careful,1
head,32
involuntarily,1
of,2297
oh,2
heap,15
occupied,6
hear,15
mightier,1
rescue,1
on,378
bricks,2
or,154
batteries,10
ox,1
cousin,2
intelligent,9
incessantly,1
sitting,6
batteryno,1
increasingly,1
arcades,1
rocket,1
determination,1
drainpipe,1
discipline,1
stretching,2
revulsion,1
scarlet,1
extremely,2
tongues,2
inevitably,3
clever,1
rocked,1
hundreds,6
recent,2
they,320
forks,1
inevitable,4
perpetually,3
insanity,1
budded,1
them,184
then,167
insensible,4
seat,6
seas,1
chertsey,18
bridge,34
obtained,1
discovered,5
serenity,2
crouchingly,1
waded,3
bells,4
seed,1
swarming,4
unendurable,1
lungbarnes,1
seek,1
seen,66
seem,27
gomorrah,1
poorest,1
heel,2
spatulate,1
doggerel,1
kewit,1
so,185
thanked,1
discoverer,1
apart,1
st,19
pantingand,1
necessary,3
horseplay,1
souls,5
started,10
neighbours,2
heed,1
ambulances,1
monster,8
flower,3
single,3
closed,14
flowed,5
unfaithful,1
to,1172
unearthly,3
joint,2
remarkably,1
separate,2
standingroom,1
modulation,1
generations,1
thoughtless,1
rules,1
loaded,3
retreating,1
capturing,1
military,7
up,164
fifteenth,1
us,101
waters,4
markham,1
usual,4
organism,2
this,248
churchit,1
thin,12
remarkable,5
quarrelled,1
absentthe,1
failure,1
silhouette,2
laboratories,1
know,41
knot,6
frosty,1
frightened,6
changed,5
dawningthe,1
ditton,4
changes,3
we,247
screw,4
gap,4
examination,5
gas,11
disposed,3
maybury,18
shriek,3
gay,1
watery,1
interchanged,1
slight,2
veiling,1
previous,6
tumultuous,10
securing,2
reading,4
argue,1
cumbersome,1
uncovered,2
painshill,2
ladys,1
omnibuses,3
deeper,1
mileshundreds,1
dumbfounded,2
smoky,3
held,10
themno,1
southwestern,5
fruitful,1
type,1
beyond,43
troops,5
hell,1
forthwith,10
filtered,1
tottering,1
deeply,2
immensity,3
surrounding,2
inconclusive,1
slanting,1
sluggish,6
reeling,2
drenching,1
mingling,4
churches,2
shilling,2
susceptible,1
woking,53
nosebags,1
provisions,4
cooling,7
argon,2
praying,2
force,7
confounded,2
surrounded,3
south,12
precautions,2
north,8
nervously,1
fancifully,1
gloriously,1
scoffed,1
get,43
resembling,2
course,14
power,9
wobbling,1
rivers,1
crammers,1
handlingmachine,15
sally,1
continued,6
brain,10
indiscriminately,1
help,9
depth,1
mingle,1
ended,4
self,1
highpitched,1
dress,3
hemmed,2
sound,32
treasures,1
artillerymanwere,1
impetus,2
healing,2
barrier,1
gable,1
tossing,1
curious,15
incapacity,1
proud,2
creatures,20
rumbled,1
scrutinyand,1
earthquake,3
judged,3
sent,11
sheltered,3
euston,1
fretted,1
addressed,4
anatomical,1
broadeningout,1
send,5
here,58
fitful,2
purpose,4
regret,1
snake,2
vegetation,2
scale,2
clinkers,1
womentheir,1
security,3
omnibus,1
soups,1
salient,1
station,35
waylaid,1
feeble,3
scaly,2
tympanic,1
lunges,1
factory,1
douche,1
wandle,1
skirting,1
feebly,1
inactivity,1
confidently,1
smoke,78
edges,1
follow,2
exultant,1
sodom,1
contrasting,1
wretchedness,2
skies,1
vanishing,2
harmless,2
flicker,5
numerous,1
undergoing,1
without,38
youth,1
compartment,1
squeamish,1
cameralike,1
intellects,2
thus,4
phantasms,2
volunteers,1
devise,1
tunicates,1
ghostly,2
funking,1
thud,9
gladiolus,1
much,38
chapter,29
miseries,1
riverward,1
misery,1
masters,2
heather,9
youre,2
hearsay,2
sighta,2
problematical,2
dwindling,1
lights,8
resolved,4
methodically,2
committee,1
union,1
ruined,5
indisputably,1
veins,1
illustration,1
arch,6
returned,13
god,20
novel,2
reports,2
tillingham,2
reader,9
ejaculating,1
got,39
dominate,1
dragging,1
avert,1
tumours,1
area,3
murder,1
purposelessness,1
sirenlike,1
european,1
moisture,1
clearer,3
violetpurple,1
lack,1
neglected,1
menfighters,1
success,1
authority,1
mightiest,1
lightthe,1
westto,1
cleared,3
crested,1
unnaturally,2
young,10
trundling,1
steaming,2
grenadiers,1
illmade,1
illumination,1
departed,1
inkling,2
pulmonary,1
evolution,2
halfway,6
rhythmic,1
tattered,4
taint,1
chariot,1
hissed,1
pinnacle,1
lady,4
untarnished,1
wade,1
pocket,3
placard,2
suffocating,1
named,1
considered,1
channel,4
entire,4
approach,10
flashes,13
wrist,2
braces,1
wiring,1
fugitivesthey,1
exaggeration,1
tremors,1
avent,1
craned,1
bump,1
embankment,1
flashed,14
write,1
roadside,1
passengers,5
portsmouth,2
longdefunct,1
heaved,2
musical,1
suffocation,1
understand,9
dismiss,2
jangling,2
heaven,4
intelligence,10
vigorously,1
harshly,1
shadowy,1
million,3
shadows,7
bulk,9
despair,7
braced,1
larger,6
gun,18
queer,3
hundred,28
wait,2
gnawed,5
locomotion,1
magnificent,1
instant,6
exterminated,1
denser,2
smothered,2
matchwood,1
heeling,2
tempted,1
roomevidently,1
laid,10
availing,1
consequence,1
particularly,3
dominant,4
discussed,3
lair,1
jaded,1
framework,1
names,1
messenger,2
curiously,3
chronicle,2
practicability,1
tide,1
possibilities,2
bacteria,4
almost,42
equally,2
parapet,1
sustained,3
suits,1
jewellers,1
gleam,3
wake,2
earlier,3
rejoin,3
charity,1
whether,4
loomed,1
mustering,1
perspiration,2
madeand,1
afterglow,2
counting,1
beneath,7
void,3
dispense,1
swam,1
splinter,1
basin,2
affected,4
resolute,2
army,3
tarred,1
ottershaw,7
arms,14
virginia,1
lank,2
wriggled,1
bush,4
bearded,1
lovemaking,1
accidentally,1
pursue,1
youve,3
twentieth,1
catastrophe,2
busy,17
laurels,1
land,3
bust,1
artificialhollowwith,1
masse,1
lane,26
hansom,1
torpor,2
elevation,3
burn,1
surging,1
tied,1
countryside,1
performing,1
automatic,2
foremost,4
lamp,3
doubtful,1
consecutive,1
nebular,1
pebble,1
fronds,7
bury,1
remoter,4
wall,16
walk,4
extending,2
quietly,6
refusing,1
shunting,2
decay,2
dazzled,1
discussion,2
tensely,1
crowds,1
wayfarers,1
miscellany,1
arrangements,1
thinks,2
welcome,1
events,4
drift,1
discussing,1
germs,2
chaos,1
mankind,5
edited,1
abundant,3
want,8
forecast,2
rifles,1
gunpowder,1
induce,1
generators,1
relapsed,1
difference,1
must,60
circle,8
butt,1
drier,1
huddled,1
scanning,1
waterloo,6
forebodings,1
crops,1
hitting,1
raving,1
accident,5
retreated,5
incompatible,1
found,65
paddleboat,1
canal,4
lark,1
flaunted,2
arts,1
againa,1
beating,6
refresh,1
combining,1
entirely,6
religion,3
fecundity,1
tragedy,4
ghosts,2
oxide,1
powerless,1
ulla,28
contrived,3
chart,1
till,3
waged,1
goods,2
had,579
secure,6
antagonist,3
uninjured,2
late,5
ham,3
school,1
hap,1
things,61
alternation,1
hat,5
immense,1
avenue,2
passages,1
has,44
coiling,2
hay,3
last,68
wary,1
weight,3
starlight,6
cheerful,3
warn,2
warm,6
measure,1
surrey,10
outskirts,2
luminous,5
carelessly,1
chalk,4
tike,1
wars,2
rattle,5
scotch,1
inshore,1
stooped,1
taproom,1
impossible,8
bunches,3
effort,9
denning,1
tramps,2
brute,1
tins,2
dried,1
tint,1
wave,4
weapon,1
courageous,2
stronger,5
steady,6
early,20
thingscertainly,1
disease,5
yes,5
yer,3
temerity,1
yet,37
lowering,2
tediously,2
colour,6
jerked,1
battering,1
highgate,3
time,120
redness,1
civilised,2
trickswho,1
youll,5
flourishing,1
aroused,2
bulwarks,2
happy,6
aimlessly,2
mansions,2
her,68
hes,2
circus,1
torpedo,1
having,11
armoured,3
twigs,1
lesson,3
dangling,2
slope,6
philosophy,1
bedrooms,1
pungent,2
passenger,1
corporal,1
lawn,5
flinging,3
confirmed,1
alien,1
triangle,2
sinuous,2
layer,1
valuables,3
ways,2
confusing,2
smash,3
tire,1
hamburg,1
chain,1
chair,1
reverse,1
sword,2
swore,1
leanfaced,1
garden,15
small,19
beam,9
hid,16
unmanning,1
beak,1
before,70
him,154
crockery,2
hit,5
his,250
potman,1
handfuls,1
beat,9
bear,7
brightened,1
trampling,1
repeatedly,2
tapping,2
bruised,3
exclamations,1
vigilant,2
resist,1
shouting,13
emboldened,1
history,5
square,4
twice,3
reservist,1
darkling,1
shutters,2
hopelessly,1
point,9
polished,1
diverted,1
brewing,1
sounds,7
ruinsi,1
hospital,2
ceiling,4
trudged,1
restore,1
hereafter,1
fugitive,2
crowded,13
nearness,1
ninetyfive,1
halfsane,1
lassitude,1
meal,3
conical,1
mean,13
reproaches,1
meat,8
suggestions,2
monstrous,5
flinty,1
seemedit,1
been,171
headsabout,1
stride,3
advance,16
appreciate,1
rumbling,2
illimagined,1
you,69
beer,5
safely,1
bees,1
instanceour,1
oursand,1
killeddecided,1
preference,1
delighted,1
active,2
opportunity,2
fleshy,1
court,3
redcovered,1
gaunt,8
timorous,2
resinous,1
agile,1
bulky,2
beds,1
stems,3
organ,1
mirror,5
gardens,2
reloaded,1
luxuriance,1
hot,18
vanity,1
interior,3
how,49
stent,8
chin,4
overcoming,1
dragged,3
deafening,3
march,1
blast,1
lethargic,1
lurched,1
advantages,1
regarded,5
answer,8
meet,2
calls,1
timidity,1
restored,2
volcanic,2
abused,1
fivemile,1
dispatch,2
putting,2
sometimes,6
questions,7
promise,4
barns,1
enjoying,1
leaned,1
greys,1
listened,5
reply,1
elsewaving,1
vanish,1
summits,1
perpetrated,1
upstream,1
consecutivelya,1
mehe,1
trough,2
zones,1
halffascinated,1
vision,2
horseback,3
ripening,1
blame,2
reckon,2
confusion,10
carrying,8
blank,7
beginning,13
waiting,7
henderson,12
lorded,1
flaxen,1
astounded,1
lurid,5
thereon,1
swallowed,3
exposed,1
whitefaced,1
notice,2
bloody,1
oscillated,1
vapour,20
rambling,1
limehouse,1
asia,1
newhaven,1
walham,1
killed,12
ashy,1
entreaties,1
cumbered,1
although,8
tubes,3
hue,1
muscular,3
thunderclap,1
hum,1
basket,3
repulsed,1
hut,3
therein,1
adventurous,1
dropped,3
tracking,1
superficial,1
bulbs,1
melt,1
bend,6
action,16
stunted,1
fired,15
victoria,2
firea,1
sensitive,1
cleanshaven,1
bell,1
altered,2
waltham,2
scraping,2
fires,2
explored,1
reached,14
impression,6
reddish,1
shield,2
suburbs,2
anatomy,2
instantaneous,1
headed,1
eight,10
broadside,1
hereto,1
paradoxical,1
thesethe,1
could,116
strike,5
bent,5
smack,1
marks,1
therell,1
mens,2
able,14
vastness,2
presentday,1
rotate,1
undeniable,2
concerned,2
british,1
envious,1
trampled,4
blade,2
shoebury,1
bystanders,1
derby,1
gangway,1
calculated,1
regardless,1
upward,3
citizen,1
altogetherinto,1
cities,5
crackle,1
sooner,1
dimly,8
difficult,1
smellgood,1
floated,1
steps,1
friends,6
professor,1
forget,1
heaviness,2
raided,1
boating,2
present,4
softly,3
feeta,1
arrested,5
jamess,1
borders,1
slantingly,3
movements,14
best,9
allusions,1
invulnerable,2
attracting,2
competitor,2
regulating,1
magnitude,1
lordly,1
steamboat,7
certainly,17
immune,1
stern,1
compound,1
highbury,1
master,1
concerning,2
attraction,2
intensely,4
puzzle,1
mere,8
illfated,1
shawl,1
feared,2
insensate,1
quoted,1
cover,14
theatre,1
convulsive,1
massacre,2
gratings,1
workall,1
dissolved,1
extinctionnothing,1
adventures,1
edmunds,1
something,37
pointed,13
impulse,5
remonstrance,1
shower,1
unfastened,1
saturday,6
nevertheless,1
fact,12
respectable,2
pasteboard,1
scalded,5
deliberation,1
pieces,2
upheld,2
coverthe,1
monotony,1
spire,2
chobham,14
temperature,3
carrots,1
free,5
reaction,1
festoons,1
intervening,1
weary,12
jubilant,1
trousers,3
bevy,1
knitting,1
actually,3
face,45
showed,6
afraid,5
household,1
coordinated,1
junction,5
refugees,3
melancholy,2
streamer,2
afforded,3
whenever,3
putrefaction,1
ruin,3
streamed,3
cheaply,1
impatient,1
finding,4
southwestward,1
greynessrushed,1
barthere,1
staring,29
vital,1
jostling,1
sciencelearn,1
jumped,5
rule,1
gulf,4
ponychaise,1
blinds,2
inferior,4
refuge,3
certainty,1
indeed,21
vicar,1
professed,2
brightening,1
comment,1
pinner,1
guns,48
yelping,3
sturdy,4
professing,1
fair,4
stepping,1
preparation,2
droning,3
safety,8
enable,2
overtaken,5
glared,1
dresser,2
dresses,1
softness,1
arise,3
fruitless,1
dressed,9
oscillatory,1
hammers,1
doors,5
wines,1
spectrum,2
banstead,1
breakfast,5
remnant,1
steel,1
hillside,3
steep,2
church,16
isolated,1
immemorial,1
privilege,2
shroud,1
foreign,1
iin,1
wedgelike,1
unsympathetic,1
fall,9
blaze,2
mysterious,2
ridges,1
lambeth,2
boldly,1
flurry,1
gutted,1
bwar,1
exhaustion,1
siege,1
abstract,1
waggons,6
nice,3
anatomically,1
appearance,12
liquid,1
wings,1
forgot,3
runs,8
first,88
menmen,1
perfect,4
impediment,1
fewer,2
clearly,11
pole,4
sinned,1
exhausting,1
spite,11
gesticulations,1
thishell,1
from,327
recuperate,1
fungoid,1
emergepossibly,1
likeness,2
ill,4
cuffs,1
finished,3
planetit,1
crimsonpurple,1
speaker,2
squirted,2
oldfashioned,1
spinning,2
tossed,1
repair,2
death,35
noiseless,2
steak,1
steal,1
according,5
factories,1
powder,17
skirmishing,1
pulverised,1
operations,2
paper,16
winds,1
steam,22
concealed,3
unobserved,1
listening,5
haunting,1
quantity,3
ink,2
inn,6
putrefactive,2
rush,7
smartly,1
creeping,5
fleeing,1
aptly,1
growth,4
sweating,1
gust,2
bicycle,5
keenly,2
objects,2
resolution,3
dutch,2
poor,14
unanimous,1
farm,4
unsatisfactory,1
bleached,1
balloonist,1
tentacles,14
massacred,1
glimpses,1
unlikely,1
excellent,2
fairly,1
pool,4
persons,2
charges,1
sapper,2
childrens,1
shocks,1
pony,9
gride,2
shortly,1
firmly,1
fate,7
weeks,1
chapters,1
ornamental,1
exchanging,1
close,29
curled,1
foodless,1
linked,1
supporters,1
intending,1
accelerated,1
massacres,1
handbag,1
grating,1
fast,4
lightray,1
invasion,6
bolted,5
clambered,6
restless,3
nine,10
organised,1
senses,1
caddies,1
pots,2
painfullysuch,1
post,2
paroxysm,1
repeating,1
vshaped,1
twowheeled,1
frogs,2
concluding,1
businesslike,1
its,181
distorted,1
article,2
respect,1
shelf,1
demented,2
retreat,1
shell,6
darkred,1
defences,1
excursionists,2
crooked,1
oneroomed,1
hesitate,1
boothis,1
production,1
uncleanlooking,1
choose,1
diseasesthey,1
peaceful,3
miles,18
overnight,4
strikes,1
ive,14
colonel,1
parboiled,1
cigars,2
pour,1
vermin,1
madly,2
spiderlike,1
enterprising,1
pushed,10
enjoyed,1
college,9
variation,1
perplexingly,1
number,29
casual,1
property,1
debris,5
frock,1
bellringing,1
incomprehensible,4
nothing,50
volumes,2
distributed,2
handle,1
isolation,1
tough,1
urged,3
masses,7
happily,1
potteries,1
silver,3
bicycles,3
city,12
implored,1
ofperhaps,1
densest,1
courage,7
local,1
alonehe,1
extravagant,1
promptly,1
fishers,1
gardensalready,1
hyde,1
drained,1
photographically,1
filled,7
powerful,2
removed,6
sham,2
sickly,3
atop,1
bubbly,1
hurryingpuffing,1
shed,3
smashed,27
shortsighted,1
stimulated,1
referee,2
points,5
milky,1
rear,2
signallingthat,1
copies,1
stupefied,1
unhealthy,1
modified,1
border,1
read,6
telegrams,3
touch,10
real,5
clock,3
couples,1
differed,2
cactuslike,1
broadstairs,1
organisms,1
evensong,1
collect,1
dusty,3
gear,2
shattered,4
housebreaking,1
glistened,1
quiver,1
witnessesall,1
telegraph,5
maggotsi,1
pawing,1
retracted,1
reconnoitre,1
headlong,16
today,1
saying,4
universal,2
brotherand,1
fifteen,2
gloaming,1
deliberately,2
wallpaper,1
looked,45
mills,2
blunt,1
irresistible,1
formulated,1
minute,15
delusive,1
irresistibly,2
hypothesis,1
abbreviated,1
reason,14
wearied,1
octopus,1
intimation,2
ship,2
fightingmachine,10
acts,1
erect,2
innkeeper,1
revolutions,1
gentle,1
spinneys,1
occasioned,1
jaw,1
reef,1
using,2
reconciled,1
greengrocers,1
slammed,1
containing,4
noting,1
completed,1
reek,2
fugitives,11
crouching,8
gently,4
reds,1
philosophical,2
telescope,5
scorch,1
imitating,1
dubiously,1
devil,3
poisons,1
handed,1
menagerie,1
forthat,1
taken,16
elephants,1
popular,2
broken,22
esher,3
vaults,1
horseflesh,1
lacking,1
armed,2
shifted,2
castle,1
chopper,1
occasional,3
repeated,6
either,19
jet,6
primrose,6
bolting,2
helpful,1
those,55
worry,1
flaming,4
barges,1
edinburgh,1
lifted,7
rein,1
tocsin,1
catalogue,1
screaming,5
difficulty,6
watched,16
longer,15
signals,1
everywhere,5
worst,4
selling,4
thunderstorm,5
leaving,8
whiskey,3
shop,7
gastric,1
distance,14
planted,2
abstain,1
show,4
description,9
shot,13
cracked,2
crouch,1
crowding,2
street,38
unto,1
vanished,15
learned,15
nineteenth,3
substance,1
grimy,1
suddenly,57
waterworks,1
guidance,2
nervous,1
doomed,1
penny,1
delicate,2
fancy,7
whistling,2
froth,1
cattlesheds,1
poured,6
morbidities,1
glancing,1
carriages,9
ruffled,1
bythebye,1
dressing,2
largely,1
shirts,1
squealing,2
awakened,2
burrow,2
fetish,1
incline,2
heathens,1
anxieties,1
violet,2
hollow,1
sprawling,2
londoners,4
sunday,19
georges,5
spectroscope,1
byfleet,12
waist,1
wearily,1
southeastern,2
purely,1
straightway,1
yellowishwhite,1
guard,1
powerfully,1
splintered,1
ditches,4
parched,1
pressing,1
comrade,3
manthe,1
greengrey,1
insides,1
stress,7
mischief,1
consolation,2
contrivances,2
sunbury,7
bottled,1
superseded,1
hotter,1
noisily,2
shut,5
luck,3
zenithward,1
minded,1
obscurity,2
devoured,1
cloud,11
sunward,2
afire,1
wrapped,2
heathery,1
lightwould,1
england,4
roused,3
interrupting,1
marshall,1
wayside,2
persuasion,4
glimpse,4
parting,1
phrase,2
efficacious,1
embanking,1
bones,2
daily,7
sheds,1
ropes,1
paralysed,1
eaten,5
cloth,1
largest,1
investigations,2
plunderers,2
captain,5
footing,6
horsehair,1
rotting,1
bloodshot,2
billion,1
joy,1
sheer,1
miracle,3
sheet,4
sheen,4
snowcaps,1
sheep,3
rest,13
original,3
volcanoes,2
schoolroomcontaining,1
intelligences,2
kingdom,1
gets,1
afternoon,14
musculature,2
redtinged,1
bellyings,1
interruption,1
front,15
thinglike,1
sunscorched,1
plane,1
equivalent,1
stupid,3
momentary,2
projects,1
wedge,1
flickering,7
perpetual,2
westminster,4
neighbourhood,1
complex,3
loath,1
rubbish,4
missiles,1
mongrels,1
afterwards,14
metropolis,1
narrowly,5
astonishing,6
transient,2
plans,5
snippy,1
drive,5
plank,1
ascribed,1
yearsas,1
stained,1
cartloads,1
dainty,1
leatherhead,19
ransacked,2
sixth,3
servant,3
liquors,1
staines,3
offered,1
subsequent,1
contain,1
roofs,5
words,2
tentacular,2
entered,1
jingle,1
incompatibility,2
glowing,6
difficulties,1
piling,1
afternoons,1
spider,1
leaping,9
pillars,2
rooms,5
roomy,1
deepened,2
demoralisation,1
developed,2
needless,2
nearest,4
vehement,1
shouts,5
glassfuls,1
parish,1
detachment,2
plaster,5
searched,1
anxiety,3
parts,5
skedaddling,1
western,6
weybridgehad,1
party,4
vaguely,5
however,11
lucky,2
gashed,1
sources,1
trembling,1
packing,3
desisted,3
signs,4
legendary,1
lump,1
views,2
assurances,2
directed,1
neareri,1
merged,1
wearing,1
dinner,5
breed,2
stalwart,1
whitewould,1
wretchs,1
lull,2
prompt,1
tunnel,2
rubbing,1
elaborate,1
expert,3
crowd,37
themselvesuntil,1
mechanical,6
sick,1
ululation,1
fatigue,3
corner,21
heatrays,4
crows,2
majority,4
join,2
philips,1
sentence,2
realised,12
faithfully,1
chasing,1
vain,7
ordinary,5
drink,9
congested,1
attracted,4
stereo,1
breeding,1
brought,20
alive,15
proportion,3
weariness,1
pursuit,1
narrower,1
plate,2
emerged,7
barrowload,1
ruthless,2
cycle,1
thinking,7
commonweal,1
steamboats,1
world,26
theres,17
inflammation,1
astronomer,2
assented,1
december,1
decks,2
gripped,12
everything,17
urgent,4
bundle,1
side,55
bread,9
break,5
missed,4
vogue,1
comfort,2
century,5
hide,3
housetops,2
report,5
transitory,1
powers,3
married,1
boathooks,1
paused,3
debatable,1
knees,7
sign,5
diffuse,1
scramble,1
high,24
falls,1
split,2
publication,1
champagne,4
expressed,1
nettles,1
directly,5
different,3
level,4
poker,1
lush,1
deter,2
lurk,1
attached,1
overthrown,2
consumed,2
pursuer,1
scores,1
decent,1
pursued,1
savage,3
marvelling,1
social,3
interesting,1
raised,6
cross,3
control,1
coloured,1
editions,2
cowls,1
earth,41
howling,7
cleanand,1
pulse,1
overthrow,6
backs,3
steamships,1
stumble,2
cunning,1
elbow,1
reread,1
upper,5
threatening,2
somewhere,4
supposing,1
scene,4
stilts,2
hinder,1
scent,2
injury,1
lighted,3
footpath,2
lightand,1
lusts,1
streaked,1
unscrew,1
artilleryman,28
remaining,1
shoreward,2
masts,1
northwestern,3
clasped,1
stopping,3
lords,1
scrambled,4
wiped,4
primitive,1
livingfor,1
apprehension,2
curtains,1
serenely,1
distinctness,1
artists,1
crippled,2
kew,4
surprised,4
silent,32
stopped,30
laying,2
fancied,6
punctured,1
blundering,2
hill,57
unacquainted,1
cricket,1
stones,2
vast,16
menhenderson,1
fourth,5
conspicuously,1
dislike,1
expressionsa,1
available,4
receded,4
conjured,1
horizontal,1
luggage,1
ironclad,5
unusual,4
extreme,3
oppositions,1
sink,1
dismal,3
sins,1
woodmen,1
especially,4
once,42
dismay,2
headlines,2
carpet,2
hint,1
counties,3
duncoloured,1
silicious,2
curving,1
figures,11
figured,1
vivid,10
pulsated,1
magnum,1
drawings,2
throughout,4
hounslow,3
funnels,4
flapping,2
revolvera,1
virtue,3
morbidity,1
firsthad,1
mingled,3
extermination,5
apathy,1
cyclists,4
heavenward,1
revolvers,1
workmans,1
nights,1
speedily,2
ones,4
gentleman,1
reach,6
comparative,1
fringe,3
foreground,1
hiss,1
hist,1
positively,1
travelled,2
dogbitten,1
justify,1
dreadful,4
elbowed,2
sight,31
teeth,2
timber,1
between,49
banked,2
exhibited,1
collar,5
overhead,9
hisi,1
monsters,5
dissuaded,2
waistdeep,1
intact,3
pitfalls,2
seventeen,1
following,5
busting,1
regretting,1
drivers,3
hive,1
spasmodic,1
complacency,1
unsuccessful,2
disseminating,1
wear,1
dusky,1
weal,1
weak,6
deathits,1
impress,1
announcing,1
seeing,2
lean,1
unexceptional,1
assert,1
leap,2
place,50
lawless,1
regular,1
sits,1
dispute,4
observation,1
bigger,1
tired,5
tremble,1
lead,3
expect,3
site,1
sunlight,9
tangled,1
highlights,1
riotous,1
passage,8
vaguest,3
undertones,1
palings,4
preconceptions,1
1894,1
publichouses,2
divert,2
describing,1
1893,1
plain,1
only,67
should,22
crashed,1
justice,1
mechanisms,2
furious,5
officers,4
regent,2
excitement,8
sitteth,1
disloyalty,1
person,1
eyewitnesses,1
glitter,1
nowan,1
week,4
gigantic,9
suffocated,2
thingsmaking,1
weep,2
mashers,1
guarding,1
paris,2
ready,11
securely,3
endurable,2
weed,31
sparrow,1
ascrewin,2
roadways,1
greatest,6
routed,1
clutched,2
balloon,1
cowled,2
limited,1
studied,1
fearful,4
played,3
endeavouring,1
mistaking,1
spoke,8
fifty,6
surgeon,1
withdrawn,2
discourage,1
owners,1
smacks,1
would,99
legs,7
rabbit,4
eyewitness,3
contemplative,1
clangour,1
meanwhile,1
pitchy,1
narrative,2
circular,8
backwards,1
size,4
irritable,1
left,40
eleven,7
frantic,8
sideways,4
object,10
infinite,5
suffice,1
unparalleled,1
destroyer,1
balanced,1
minds,9
rebuilt,1
corners,3
feeding,3
stirring,9
unseasoned,1
kepler,1
quiet,16
galloped,1
hushed,1
destroyed,14
police,4
throw,1
fifth,6
infinity,1
brevity,1
exorbitant,1
wheels,11
violent,6
shabbily,1
gravelly,2
firebeam,1
cutlass,1
provocation,1
ascended,1
hardened,2
others,11
encircled,1
receptivity,1
making,15
supposes,1
check,1
8th,1
drumming,2
onto,1
mines,2
survivors,4
supposed,1
cowardice,1
anticipating,1
bursting,1
scaldingly,1
earthworks,2
intermediation,1
earthquakes,1
expanded,1
arranged,1
bacterial,1
shivering,4
anticipation,1
roofan,1
reinforcement,1
clattering,3
dickens,2
windsor,3
anatomist,1
cheer,2
explosion,6
translation,1
well,22
splash,2
hilllike,1
greenishwhite,1
extinguished,1
fastening,1
fearing,3
loved,1
subways,1
fellowmen,1
flour,1
fierce,1
oppressors,1
middleaged,1
peeped,3
aghast,1
went,99
distant,13
despaired,1
bringing,1
daylight,8
larboard,1
prohibited,1
inaudibly,1
orders,1
southeast,2
thats,21
gaily,1
therenumber,1
relaying,1
matter,16
caterpillar,1
walls,6
conjunction,1
rails,2
noise,21
spout,1
bloodred,2
meadow,3
succession,2
mechanically,2
noisy,5
reminded,2
gibber,1
unreasonable,1
capital,1
gorse,1
yelling,2
arrows,1
upon,171
explosives,2
unlimbered,1
lad,2
employed,1
crawl,7
platforms,1
monologue,1
west,10
spoon,1
raise,2
quite,34
circumspection,1
tower,7
traffic,8
petersham,1
lay,48
coins,3
pitched,2
lest,2
revert,1
less,10
conflicting,1
adventure,1
condition,5
thirsty,6
chatted,1
were,379
ceremony,1
gratification,1
shining,9
hastily,9
weve,5
wound,1
teacher,1
similarly,1
expedients,1
generous,2
floor,9
possibility,5
sucking,1
exhibition,2
wounded,3
lengthy,1
distinguished,3
opening,10
martiansa,1
saliva,1
doctor,1
tapped,1
crescent,9
pillow,1
spoken,3
lingered,1
cluster,3
superheated,1
lieutenant,6
rabbits,2
led,2
supply,2
leg,3
horrified,1
soaringmachines,1
let,14
press,2
dilated,1
night,101
pace,7
havent,4
pack,2
each,26
cloudscud,1
rendered,1
polarised,1
bawled,4
thirty,3
workman,3
wandered,4
perfectly,4
collapsed,4
killing,5
prayed,6
steamers,1
houseafterwards,1
clay,5
promote,1
splinters,1
hugest,1
does,3
cardplaying,1
distortions,1
situation,4
modifying,1
dodge,1
unavailingly,1
thirst,5
refused,2
perplexed,3
shells,6
moods,1
agoin,1
tidal,1
lilybulbs,1
prayer,2
clap,1
collapses,1
dodo,2
fashion,2
insurance,2
southwest,2
surely,3
medical,1
dazzle,1
principle,1
swipes,1
lid,3
surmounted,1
daysthreats,1
lie,2
source,3
smell,2
unable,5
lip,4
lit,12
vitality,1
traversed,1
dogs,6
spasmodically,1
homes,1
shrieks,2
acquired,1
chess,1
doubt,16
develop,1
starsive,1
tamed,1
boilers,2
supplements,1
dominated,1
mockery,1
crossroads,4
aching,3
district,6
hammering,7
fixed,7
page,1
cordon,1
full,16
steely,2
destiny,1
away,61
cards,1
parapets,1
impersonal,1
aspects,1
waterline,1
blinding,7
painful,4
wreckage,7
pain,3
supped,1
suspicion,1
enlarged,2
ablebodied,1
supper,2
pair,4
licking,1
equal,2
wiser,1
separating,1
cooler,1
gravity,2
tobacconist,1
spared,1
paid,1
intermittently,4
thereabout,1
alight,2
funk,2
bodiesor,1
cabbage,1
clinker,1
pluckily,2
pall,2
contemplating,1
three,63
meand,2
remembered,3
disgorged,2
meana,1
shoreditch,1
suppression,1
wisps,3
lonely,3
arborvitae,1
orangered,1
pale,11
hardware,1
threw,3
piled,3
roads,7
trowels,1
metallic,14
consultation,1
meals,1
jetting,1
exertions,1
enterprise,3
explainin,1
saluted,1
solar,1
teaching,1
dome,2
lot,4
planets,3
low,9
tumble,1
writingtable,1
merely,3
meant,4
trenching,1
means,9
sentinel,5
doll,1
fury,3
rudimentary,1
rusty,4
centre,3
overawe,1
pauls,1
fellow,5
abandoning,1
advancing,9
comers,1
crushing,1
door,37
quick,3
dodged,3
husband,2
experience,4
cyclone,1
wasteful,1
disappeared,3
affair,1
newfound,1
chelmsford,2
unpacking,1
unkempt,2
greyishblue,1
sparks,2
curiosity,3
repute,1
minutes,7
particular,3
walton,8
redly,1
done,25
pause,1
perceived,15
residents,1
dont,12
launches,2
alternately,1
vertically,1
disks,2
overruled,1
regents,7
premartian,1
part,39
workmen,3
paddle,2
clearcut,1
east,6
piles,1
relief,4
wildly,2
reddishpurple,1
park,22
thither,4
villages,2
persuaded,2
seeking,2
ears,6
someone,1
gratitude,1
terrors,1
prowled,3
splendour,1
behaved,1
knaphill,1
gaping,1
fiery,3
hasnt,2
crabs,1
beasts,4
unfathomable,1
allay,1
path,4
crack,1
areaperhaps,1
startled,4
shopmen,2
bandablebodied,1
blankly,1
grotesque,8
swarmed,2
pass,1
past,25
mile,10
mourning,1
milk,1
whichever,1
whose,8
easy,1
clog,1
orchids,2
dose,1
oceans,1
cabmans,1
relative,1
touched,8
profoundly,1
clockwork,2
existed,2
illtempered,1
inconveniently,1
mine,10
mind,40
dots,1
shelled,1
acuteness,1
supersede,1
disintegrating,1
polyp,1
inch,2
london,59
reappear,1
emergency,1
down,128
shifting,3
wretched,6
kingdoms,1
habit,2
adding,1
meteorite,5
radius,1
signal,6
weybridge,26
seated,3
varied,1
regarding,5
fastener,1
month,1
chilled,1
throatswayed,1
impulsively,1
chuck,1
impossibility,1
needles,1
rather,10
worthy,2
endless,1
speechlessly,1
papers,19
mist,7
miss,6
doorstep,2
streamers,3
busily,1
somethingsomething,1
human,34
poetry,1
stanmore,4
energetically,1
blessed,2
interpret,2
universe,2
tallies,1
beach,3
coherency,1
individuality,1
articles,3
vestries,1
brothers,13
exhausted,4
fascinated,2
fluorescent,1
cigar,2
usually,2
incessant,2
fear,22
inspection,1
everthickening,1
oriental,4
torrent,11
bits,1
sense,14
hampeople,1
printed,3
field,14
heeled,2
10000000,1
served,4
wilderness,2
opens,2
battleground,1
tussle,1
thoroughfares,1
serves,1
glanced,2
skin,5
shrouded,2
mention,2
mad,4
man,117
harwich,2
leisure,1
map,2
twenty,5
contemplated,1
inky,3
may,43
profounder,2
prostrate,2
obscured,3
vividly,4
aluminium,2
pompeii,1
unseen,6
feet,40
fenced,1
recognition,1
feel,6
stragglers,1
shopman,2
coachman,1
unextinguished,1
terrible,17
busied,5
heedless,1
ideas,6
unavoidable,3
pressure,3
interrupted,2
apprehensions,1
feed,1
fences,3
directions,2
bloodstained,2
noiselessly,3
thunderous,1
staccato,1
martian,78
quickfirers,1
conceive,2
incandescent,2
nonsense,2
breath,6
men,103
uncooked,1
eclipsed,1
wideeyed,1
justification,1
physical,4
contrasts,1
met,7
crablike,2
submerged,2
washup,1
exactly,4
structure,4
lightened,1
lodge,2
rahnd,1
mercy,2
doubtfully,2
glands,2
slake,1
about,177
briareus,1
hungrylooking,1
danger,17
shepherdthe,1
crash,5
stripes,2
patch,5
precipitation,1
character,3
above,25
stick,4
murmuring,2
hesitatingly,1
pitterpatter,1
height,3
moderate,2
sleeps,1
receiver,2
scratching,2
myself,53
outer,3
invent,1
received,3
wonderful,7
flood,3
quality,4
foulness,3
wires,1
avoided,2
pillar,1
animal,8
receives,1
smacksenglish,1
blundered,5
invested,1
manlike,1
shared,3
believe,9
fell,23
into,199
ungovernable,1
wailed,1
glance,2
boots,3
supports,1
destruction,21
foodtwo,1
suctional,1
dirty,7
uponit,1
stiff,3
middle,3
coils,1
though,25
renewal,1
warmachines,1
sunken,3
toppled,1
swamp,1
clearness,6
appear,1
monotonous,1
descended,5
open,18
infrequent,1
salvation,2
forced,3
vigil,1
project,2
exclamation,1
compasses,1
locks,1
diameter,2
paces,1
whatand,1
formidable,3
sizzling,1
gazed,2
felt,26
owing,1
bears,1
securer,1
gardener,1
conquest,1
involvedit,1
nausea,1
assurance,4
unanimity,2
monkeys,1
temperate,1
fabrics,1
fortnight,2
flying,10
lotll,1
forces,1
roadway,6
trimmed,1
secured,2
allow,2
potatoes,1
sluggishly,2
slain,7
poisonous,1
vegetable,1
gesture,4
unscrewing,3
urgency,1
immature,2
organic,2
clusters,1
lodger,1
paced,1
incredible,5
bedroom,2
exempted,1
renewed,4
lodged,1
incredibly,3
money,7
attic,1
healthy,1
unprotected,1
darkcoloured,2
boatman,1
labourers,1
glowed,6
whole,11
fingers,3
relation,2
attempts,1
still,94
resemblance,3
stile,1
chronometer,1
beams,3
mutinied,1
books,5
knowing,1
among,43
fusillade,1
pipette,1
flock,1
internal,1
thisll,1
tongue,2
ourselves,6
punch,2
restorers,1
appearances,3
throwing,7
naturally,1
rampart,3
accosted,1
flexibility,1
skya,1
writing,4
beans,1
believed,8
academy,1
persecution,1
gusts,1
haste,2
destructive,2
mrs,4
outflow,1
altogether,17
hasty,5
cutting,1
unarmed,1
ages,2
dispersion,1
voice,15
prepared,4
fertility,1
butcher,2
float,1
gaseous,2
southnothing,1
eatablein,1
titan,3
scarred,1
expecting,1
discover,1
midday,9
capture,2
failed,7
lessing,1
sequence,2
pitthat,1
mud,4
deployed,1
commonplace,1
expostulating,1
briskly,1
knuckles,1
methodical,1
elphinstonethat,1
listenedi,1
southend,1
distances,3
obliquely,2
assistant,1
ultimately,1
command,2
jack,1
swarm,5
temple,1
irritated,1
landscape,2
perfection,2
floods,1
saved,3
desperate,3
leading,3
marylebone,2
music,2
voiceellen,1
because,12
moving,18
marched,2
contains,1
selection,3
guess,2
derelict,2
science,3
conception,1
levers,1
restaurants,1
happening,5
aboard,5
intermittence,1
detail,3
folded,1
wrenched,2
stretches,2
stretcher,1
worded,2
eloquent,2
observatory,4
optimistic,2
sleep,3
hungry,5
drawingroom,1
stretched,5
refuse,1
eveninga,1
downplumes,1
himin,2
estimating,1
gristle,1
sweep,1
woolwicheven,1
flimsy,1
descend,1
slay,1
fourteenth,1
evenings,1
fivepound,1
pushing,6
darted,3
descent,2
weird,3
aperture,4
pathway,1
emerge,1
sweet,3
deliverance,1
eager,3
unhesitatingly,1
kneedeep,3
whats,10
artillery,7
blazer,1
gather,5
cardinal,1
hussars,9
sobbing,1
volume,3
risen,3
energies,1
outsimply,1
vestry,1
buildings,4
blazed,2
unawares,1
concussion,5
sailing,1
discriminating,1
defied,1
chimney,1
arrivals,2
epsom,3
breakdown,2
dripped,1
ride,2
stretch,1
scouts,2
drifting,5
chiefly,5
beforethen,1
agencies,1
visited,1
detected,1
arisen,1
attacked,2
deliberate,2
ribs,1
physiological,1
atmosphere,7
slid,2
career,1
told,32
abiding,2
rolled,4
crosses,2
toll,3
moral,2
diminution,1
towered,1
judge,3
darkness,34
similar,3
nay,1
anyhow,1
foundations,1
suddenlyfire,1
thousands,2
wives,2
cylinders,6
crossing,2
driver,6
titanic,1
driven,7
crossed,5
indicated,2
tone,5
optimism,2
against,68
pouring,9
holiday,1
cabful,1
landward,1
remind,1
crude,1
potato,1
wheatreached,1
puffed,1
peered,3
sabbatical,1
manufactured,1
uphill,1
fattening,1
stores,3
mushrooms,1
slit,7
hawkers,1
slip,1
bushes,12
stored,1
firing,16
scorched,5
forepart,1
unburied,1
dawning,1
bushey,2
middlesex,2
scaled,1
telegraphed,1
tops,8
losses,1
boilingpoint,1
barked,1
dimness,1
outhouses,1
trafalgar,1
nasty,2
conceptions,1
intense,7
took,23
new,9
catching,2
parody,1
positions,1
emptied,1
blackfriars,1
intervals,4
ginger,2
tons,2
heated,1
inconvenience,2
lethargy,1
enigma,1
reaching,4
around,2
impassable,2
influences,2
tore,1
define,1
stepped,4
imaginings,1
biscuits,4
faintness,2
manifest,1
regenerator,1
earthabove,1
martiansll,1
estuary,1
whisper,3
uglier,1
telegraphic,1
muttering,1
remainder,1
clumsy,2
developments,2
ring,1
shift,2
headbody,1
rotted,1
birthright,1
angrily,1
bargain,1
cheese,2
decided,5
java,1
extraterrestrial,1
lanes,1
builds,1
shoulder,9
strite,1
dance,2
fully,4
models,2
eliminated,1
imminent,2
dining,5
patches,10
relaxation,1
everythings,1
softens,1
fearfully,1
fightingmachines,7
mystery,3
slow,5
widened,1
deserved,1
flask,1
rotten,1
flash,19
complexity,1
mosque,1
sisterinlaw,3
maybe,2
students,2
slopes,2
permitted,5
amused,1
advertisement,1
disabled,1
mechanism,6
riverfront,1
ventilators,1
jaws,1
poison,3
silly,3
riot,1
whirled,3
palpable,1
pyrford,7
plantations,1
irresolute,1
unexplained,1
stayed,3
absolute,5
everywhereat,1
understood,6
resulted,1
swung,3
culminating,1
objections,1
landlady,1
greyly,2
houses,66
portland,1
brambles,1
imagine,16
furniturefor,1
town,11
boats,11
girl,3
whatever,5
yards,24
destroying,3
flutter,3
ignorance,3
aloud,4
swinging,2
despondent,1
blind,4
shivered,2
hidden,15
string,3
nearly,14
nor,15
not,191
rockwork,1
midland,2
now,102
lived,3
faintly,6
pinch,1
thoughts,3
mischievous,1
anythingthat,1
hoisted,1
redcoloured,1
domelike,1
what,101
detailed,1
hoofs,5
sobered,1
risk,2
flame,18
rise,7
occupant,1
panted,1
vender,1
when,74
nearby,1
withheld,1
denouncing,1
conflagration,1
crush,2
somethingi,2
contorted,4
breasthigh,2
abruptly,15
struggling,8
catch,3
richblooded,1
stilled,2
promising,1
give,13
practicable,1
counsel,1
replythe,1
lives,4
travellers,1
abart,1
stations,4
chaffering,1
ships,6
determined,1
didnt,6
inhabited,1
ladies,4
burdens,1
apartments,1
enormously,1
sentences,1
direct,1
flags,1
enabled,2
pantry,10
livid,1
occasionally,2
heres,1
yeswait,1
wrong,3
crust,1
shirt,3
whitehot,1
whet,1
eruption,1
indefatigable,1
heads,10
certain,15
whim,1
widow,1
cycles,2
eleventh,2
used,7
ruinous,1
whip,6
skedaddle,2
awoke,2
marked,3
otherwise,1
cellar,9
visible,10
tangle,2
borne,2
foolhardy,1
nearer,24
survival,1
stumbling,4
cylindersthe,1
keen,1
keep,22
arefat,1
screamed,3
weigh,1
acute,1
handbook,1
imprisonment,4
necessarily,2
fares,1
alone,13
along,66
rocks,1
parallel,1
wearisome,1
scorching,1
inert,3
designed,1
stokers,1
handful,3
ribbed,1
regiment,3
approaches,1
thanking,1
contained,4
approached,5
shiny,3
multitudes,3
succumb,2
inhabitants,8
diminishing,1
sponges,1
butchers,1
plough,1
bring,12
fella,1
warfare,2
manufacturing,1
giant,7
pitiless,5
waggon,4
uprooted,1
itwas,1
vein,1
veil,3
urging,1
impenetrably,1
league,1
impenetrable,1
boiling,4
fairhaired,1
turning,14
peace,3
hurtled,1
consideration,1
brother,90
powdery,1
whos,1
insured,1
remotest,1
latchkey,1
whod,1
renderings,1
extinction,1
whom,7
ironclads,5
cardboard,1
scarcely,31
whitewere,1
humanity,8
moneysome,1
lurking,1
onions,1
appendage,1
drifted,4
mounted,4
cactusshaped,1
heliograph,3
igniting,1
essential,1
horsemen,1
furnace,1
ditch,7
stairs,2
chaise,8
riverbank,2
thunder,9
girls,2
armour,3
chipping,3
excavation,2
warning,3
utmost,1
pallid,2
succumbed,2
softened,3
ruddy,4
restlessness,1
countervailing,1
fourteen,2
elemental,1
celebration,2
knife,1
squeal,1
laboured,1
oddly,2
carry,2
burst,10
arose,2
necessity,5
frame,2
mountains,1
cooperationgrim,1
clash,1
glittered,3
dozing,1
mistaken,1
thickening,1
burden,2
parabolic,3
venus,5
teachers,1
intently,1
trouble,9
hendersons,2
class,1
kept,12
excavating,1
stupidrubbish,1
carts,7
waylay,1
drifts,1
counted,4
drab,1
very,79
practice,1
beheld,3
langham,2
delayed,1
cylinderfifteen,1
lunatic,1
agony,2
vessel,1
carbonicacid,1
drag,1
leaderwriter,1
french,5
burnt,2
bakers,1
burns,1
nonconductivity,1
dispatched,1
issue,1
lower,10
metal,12
odd,3
radiating,1
acted,1
monosyllables,1
remotely,1
roofless,1
shrieked,2
escaping,5
brooding,1
wider,1
noisesthe,1
nostrilsindeed,1
turned,48
violentlywas,1
broached,1
tonethat,1
galloping,4
sphere,1
digest,2
unintelligently,1
peril,1
eddy,1
camera,2
skeletonsnot,1
seemed,91
dray,1
wandering,3
impressivelyit,1
off,48
generally,1
wifemy,1
seriousness,1
terminus,2
complete,4
greeted,1
galvanised,2
outcast,1
bribe,1
pools,1
edge,22
ruling,1
buttresses,1
claim,1
pealing,1
repulsive,3
hobbled,1
months,1
eden,1
follows,1
diskslike,1
confronted,1
chosen,1
puff,3
coat,3
headquarters,1
hateful,1
coal,5
swayed,4
passionate,2
hammer,1
dreamer,1
brightly,2
keys,1
lowly,1
fasting,1
preparations,2
devastation,2
haggerston,1
considerable,5
oil,1
dreamed,3
burly,1
subsist,1
fight,8
biscuittins,1
brief,1
pretty,2
recover,1
twoas,1
determine,1
starlit,1
friction,1
drew,11
regretful,1
wrought,2
gunners,7
radiation,1
manuscript,1
methe,1
putney,13
lands,1
tasmanians,1
crumbling,1
roughs,2
martinslegrand,1
streetportman,1
apologise,1
periodically,2
repentrepent,1
evidently,10
promised,3
speaking,2
province,3
engines,5
neckhigh,1
promises,1
hissing,9
breaking,2
shifty,1
old,13
settled,2
lowered,1
spectators,3
diseases,1
nineteenthcentury,1
twelve,4
bundles,2
warships,2
wandsworth,1
starting,3
device,1
activity,2
unridable,1
lifelong,1
ome,1
bled,1
liquefaction,1
publichouse,2
blew,3
variety,1
george,3
tanks,1
pump,2
unemployed,1
strained,2
zodiac,1
one,197
incurred,1
disillusionment,1
whirling,6
speculate,1
connected,2
pull,1
dealer,1
elastic,1
attained,1
erethism,1
storms,1
partially,1
country,24
willing,1
innumerable,2
haphazard,1
enclosed,1
amazing,3
trivial,2
misadventure,2
lick,1
sprang,8
details,4
explodeand,1
pecked,1
emotions,2
smoked,3
exploded,2
suppose,10
derelictspread,1
upright,2
cavalry,1
explodes,1
buses,1
towns,2
sneaking,1
region,2
support,2
drop,4
vehicles,8
learning,4
vertical,4
cold,5
life,32
reeds,3
shapes,3
lies,1
ripley,8
cases,4
wide,9
brighter,2
fiercely,1
unprovisioned,1
storing,1
damn,1
premature,1
superior,1
uprush,1
disjointedly,1
butchered,1
horizontheyre,1
succeed,1
forego,1
torment,2
chains,1
excavations,1
competition,1
none,15
liverpool,1
cone,1
problem,2
depressed,2
connection,1
asleep,2
presence,4
abandoned,7
seized,4
watercourses,1
inability,1
method,3
ominous,3
wife,32
come,52
leather,2
push,4
exist,1
freshly,1
parlour,1
lift,1
coveted,1
prehuman,1
bipeds,1
stomachs,1
sexual,2
cerebral,1
columns,1
goths,1
albans,3
robes,1
sensibly,1
distribution,1
notegreat,1
our,100
out,231
cope,2
lurked,1
dart,1
confess,3
ghost,2
albany,1
noon,1
gustily,1
shadowed,1
dark,32
precise,1
copy,2
dare,6
sensible,2
cook,1
cool,2
loafers,4
amazed,5
liners,1
schiaparelli,1
chorus,2
insecurity,1
perished,1
mathematical,1
date,1
lamps,6
data,1
corn,1
own,30
drum,1
martians,165
bottoms,1
unillumined,1
panicstricken,1
firewood,3
distributing,1
dyings,1
blow,8
sunny,1
oars,1
development,4
hilli,1
bitterly,3
like,88
asserted,2
branches,2
prolonged,1
hilly,1
efforts,2
proposed,2
hills,15
dazzling,1
ground,29
note,5
everybody,1
aint,5
moonlight,1
line,25
riding,4
lasthe,1
recovery,1
conveyed,1
clutching,3
limp,3
lengthened,1
hearts,1
affairs,4
nose,2
limb,1
stampedea,1
stories,2
cost,1
will,39
confidence,4
fishing,2
groups,6
tilted,2
tuesday,1
thenfire,1
ponys,3
assured,3
roasted,1
wild,5
woolwich,2
140000000,1
your,4
remote,10
these,114
begins,1
jointed,2
newsboy,1
furtively,1
fumbling,2
protected,1
framed,1
croaking,1
broadcloth,1
essentials,1
youd,3
sister,2
everlasting,1
frames,2
barracks,3
devices,3
chimneys,1
baker,3
analysis,1
costumes,1
shorewards,1
fashionable,1
journalist,1
exposure,1
clutch,1
dawn,17
southampton,2
wine,8
wind,3
flight,14
folly,2
airy,1
carriage,8
independent,1
concluded,2
ahead,5
yellow,7
talking,7
realising,3
arrived,3
iteroticism,1
cows,1
combines,1
deaden,2
faced,2
splitring,1
plentiful,1
echoes,1
cowl,1
foliage,2
photograph,2
lips,2
overwhelm,1
blue,27
days,37
persistence,1
echoed,1
combined,1
faces,8
leverages,1
facet,1
imperial,1
undone,1
softening,1
acceptable,1
sharply,2
chill,1
roaring,2
deadly,6
wish,2
invigorating,1
wheres,1
undisciplined,1
pan,1
conversation,3
roared,1
enormous,12
earthen,1
strange,46
wire,2
external,1
darkened,2
sinking,3
folks,3
onwards,1
creature,7
seasonticket,1
child,11
germany,1
divided,1
fingering,1
wisdom,1
starvation,1
compiled,1
peas,1
psychology,1
confinement,1
live,11
ventured,6
wits,3
hurrah,1
with,447
service,4
there,243
hopeless,4
headlike,1
encumbered,1
thunderstorms,1
invisible,16
knewknew,1
exterminate,1
birdlike,1
plied,1
outofwork,1
railing,1
precipitated,2
pen,1
onejust,1
pet,1
ceased,16
peck,1
slowly,43
winchester,1
ever,16
even,71
vacancy,1
assumed,3
engaged,5
lemonyellow,1
desolating,2
clinking,2
conveyances,2
irregular,3
shaved,2
injured,1
peep,1
tainted,1
peer,1
imprison,1
rapped,3
violence,5
monday,7
convulsively,1
desolation,3
bought,3
impressions,1
swampy,1
verge,7
charred,9
ineffectual,3
policemen,4
hacked,1
loiter,1
bearings,1
restlessly,1
broadening,1
manner,5
foresee,2
earthly,2
pig,1
cajoled,1
judgment,1
members,1
pit,82
mineral,1
stock,1
jammed,2
terror,20
everyone,10
snapped,1
strengthened,1
indiscriminate,1
theyd,1
aldershot,2
privates,1
hymns,1
clumsily,1
limber,2
evil,3
fevers,1
rarely,1
forthcoming,1
precipitately,2
rising,19
unclean,1
squatters,1
cause,2
oblong,1
thirtysix,1
globes,1
wailing,3
vulgar,1
ruddybrown,1
design,2
friday,5
working,14
dismally,2
victim,1
skull,1
hysterical,1
allude,1
cabmen,1
chief,3
accord,1
darned,1
kicked,2
satisfying,1
vigour,1
followed,14
burning,22
labours,2
obey,1
treading,2
fantastic,1
machines,10
interested,2
vessels,5
policeman,2
unspeakably,1
merrow,1
apparatus,3
joints,2
otherlord,1
brokenly,1
civilisation,3
scullery,19
headsmerely,1
meeting,4
landed,3
displayed,1
warship,1
began,57
epping,1
scrutinised,1
thundering,1
thickly,1
peephole,6
piped,1
steadfastly,2
echoing,2
repentance,1
humming,4
brutality,1
actions,3
sunrise,2
dispersed,2
neatly,1
scrutiny,2
giving,7
bluegreen,2
facts,2
pent,2
bluish,2
routing,1
routine,2
excuse,1
mornings,1
placards,1
digestion,2
escape,21
emerging,2
latest,1
receive,1
gradient,1
dispositions,1
standing,33
deafened,1
realise,11
startling,2
hailed,1
bison,1
feelings,1
smite,1
cloaca,1
subsided,1
disappointed,1
continue,2
cautiously,3
civilising,1
given,6
perish,1
quivered,3
journeyings,1
insufficient,1
lettuces,1
forerunners,1
exaggerated,1
proximity,1
playing,5
serpentine,1
sixmillion,1
facta,1
rotating,2
curved,2
asking,1
complaining,2
thicker,1
booming,1
thicket,2
anything,12
heavens,2
overcame,1
assembled,1
publicationthe,1
enclose,1
notwithstanding,1
stippled,1
forgetfulness,1
windows,14
onlookers,1
officiated,1
bravery,1
pets,1
forming,1
nocturnal,1
hammered,1
shadow,6
skeletons,5
dominion,1
cabmens,2
desertion,3
circles,1
hydrogen,1
continually,2
sodden,4
put,18
identified,1
fluctuations,1
cawing,1
jackets,2
trap,1
haricot,1
struggle,14
commanderinchief,1
grows,1
reassuring,3
jobbing,1
veiled,1
lapse,1
awhile,1
light,42
apparently,12
circled,1
stifling,1
waterlogged,1
artist,1
questioning,1
formulate,1
alonehad,1
riveted,1
equatorial,1
dogroses,1
desist,2
crimson,4
suburban,2
yachts,1
ornament,1
barred,2
grown,2
organs,3
desire,2
terrified,5
touching,1
murmur,3
muddy,5
lately,1
strides,3
eyeswere,1
encountered,3
smeared,2
excitedly,2
stillwet,1
grandiose,1
thena,1
organized,1
receptacle,2
facility,1
sliding,3
defeated,2
intensified,2
desolated,2
listen,4
wondering,6
major,1
answering,3
companions,2
epilogue,1
neasden,1
heeding,2
consider,3
gravest,2
group,17
whither,3
savagely,2
markings,2
accentuated,1
tree,8
flooding,1
sailors,3
southward,6
meteoras,1
absolutely,10
sleepless,1
deserted,17
whistled,1
dovetailing,1
groupsone,1
thrusting,4
novels,1
their,213
silvery,2
thirteen,2
banking,1
general,5
caved,1
induced,1
seafor,1
eternity,4
quasimuscles,1
anaemic,1
process,3
craved,1
clear,27
eighth,2
encounter,1
clean,4
disinclined,1
contests,1
sock,1
marking,2
neither,10
glad,3
domicile,1
hurry,6
account,11
uneasy,1
ticking,1
mostly,2
repulse,1
safer,1
brushed,1
hoarse,6
traitor,1
trim,1
hunting,2
mauritius,1
soft,1
jump,1
knowledge,5
happen,2
sofa,1
population,5
atlantic,1
route,1
warred,1
flexible,1
trying,9
sojersll,1
millions,4
haverstock,1
comes,6
soil,3
bottle,6
cankering,1
spark,1
hammersmith,1
hearing,1
embedded,2
drains,5
tail,1
emotional,3
transition,1
tells,2
traps,1
chivalry,1
prevails,1
mutter,1
june,2
series,2
spasm,1
westbourne,1
imaginative,1
phenomena,1
darkfor,1
manythose,1
arches,1
thickness,1
moscow,1
inclined,8
robbers,2
hold,4
tale,2
bewildering,1
talk,6
werethere,1
tall,5
train,16
commonly,1
planet,29
slowness,1
take,17
immediate,6
electrified,1
undecided,1
relatively,1
plunging,1
some,117
subtlety,1
landlord,6
aimless,1
tactile,1
tang,1
transferring,1
tidings,3
parleyed,1
passed,41
reception,1
just,44
sole,1
midnight,15
pounded,1
trod,1
aluminiummaking,1
home,13
pious,1
hole,12
shields,1
print,1
tame,2
material,4
marching,1
peculiar,7
iron,7
downhill,1
injection,1
explain,2
encampment,4
answers,1
digestive,2
hope,10
soon,21
greybrown,1
sons,1
anticipated,1
upships,1
revolves,1
cindery,2
lisbon,1
revolver,4
portmanteau,2
distinctly,3
hood,13
interplanetary,1
loading,1
hoof,1
vacant,2
heavy,21
underground,2
popularly,1
hardest,1
wifes,4
machinery,5
speculations,1
clients,1
painted,2
conquered,1
summer,2
nerves,3
trunks,1
abbey,2
streaming,4
painlessly,1
lightermen,1
weaklings,2
heave,1
together,16
actuated,2
within,30
health,2
gathered,7
prospect,2
rustle,1
unhoped,1
machine,15
evening,20
kinetic,1
outwriting,1
return,12
bowler,1
instance,2
dethronement,1
tablecloth,1
ransack,1
practically,4
seats,3
heterogeneous,1
intercepted,1
bowled,1
heath,2
confused,2
fine,1
find,21
therefrom,1
soldierssappers,1
host,4
backward,3
spate,1
progressed,2
downs,1
drove,23
occur,1
breeze,4
sort,18
seriously,1
whimpering,1
experiences,3
heart,12
contagion,2
task,2
convenient,1
sawdust,1
infer,1
transit,1
sundaysfear,1
true,5
valley,9
position,19
populous,1
glow,6
petty,2
since,25
sentiment,1
soup,1
patent,1
sheath,1
toils,1
soul,7
abundance,1
stalking,1
dangerous,2
quivering,4
dispersal,1
schoolboy,1
appears,1
hour,13
flats,1
troubled,2
singularly,3
heard,71
signalling,1
falling,18
processes,2
canister,3
overturned,9
sought,1
writers,1
splashes,1
matteroffact,1
volition,1
heaps,7
thunderclaps,2
badges,1
extraordinary,10
beech,2
evident,8
helplessly,4
pulling,1
writer,3
foodsour,1
merchants,1
fence,6
coming,38
villa,2
firelit,1
splashed,7
armament,1
ruthlessly,1
disturbances,1
straggling,1
credible,2
scream,2
procession,2
conveyance,1
ignorant,1
fire,41
negligible,1
sticking,1
distinguish,3
spray,2
richmond,15
ofwhat,1
howl,2
twentyfour,5
enthusiastic,2
disastrous,1
except,13
clung,1
farmhouses,1
quietworrying,1
superiority,2
intolerably,1
knocked,1
loathed,1
flaunting,1
crackling,2
calmlay,1
outline,2
unless,2
excess,3
plants,3
unsuspected,2
wonderfully,1
perspective,1
wading,4
gunlike,1
ought,8
hedgerows,1
transverse,2
clump,2
people,158
goeth,1
designing,1
fish,1
insistent,1
intolerable,1
operation,3
alarming,1
cannon,1
putrescent,1
inside,6
crewe,1
ploughed,1
descriptions,1
leaves,2
crews,1
five,21
chestnuts,1
hesitated,6
mutton,2
profundity,1
hunger,7
announced,1
squad,2
slept,7
conflict,4
clangorous,1
loudly,2
analysts,1
rough,1
reasons,1
begging,1
swept,15
desertions,1
assistance,1
scrutinizing,1
towers,7
workive,1
recognised,2
sidings,1
dismounted,3
wants,2
wonder,6
every,44
akin,1
laburnums,1
answered,11
droppeda,1
theodolite,1
again,108
shepperton,13
artificial,2
follywhen,1
schoolswhat,1
canisters,1
masked,2
reasoning,4
shrivelled,4
fishermans,1
during,13
degrees,1
price,1
yelled,5
games,3
dependent,1
crest,8
flickered,2
imagination,5
fascination,2
gluttony,1
itself,15
nursery,2
anyone,5
pride,1
greenly,1
inhuman,1
danced,4
distress,3
broadcast,1
hoped,1
summerhouse,1
birds,10
quickfiring,1
uniform,1
birmingham,2
seriocomic,1
moreover,3
inarticulately,1
hopes,1
rubble,1
wherever,3
finger,3
established,1
daythe,1
inhabit,1
multitude,14
spat,1
unprepared,1
caused,9
downstream,3
sweetness,1
gunwise,1
rattling,3
constables,1
rigidly,1
cannot,6
hovered,1
patrols,1
dawned,3
astronomical,3
struggled,9
tight,1
space,19
chamber,1
disengaged,3
unerring,1
swedish,1
halted,5
petrified,3
incongruity,1
squadron,1
doorways,1
bottom,2
accidents,2
spade,5
fading,2
whatwas,1
collision,2
praising,1
covered,9
annihilated,3
invariably,2
inkerman,1
arrival,7
network,4
holding,3
trace,2
moments,1
public,4
track,1
eaglefaced,1
charging,1
resources,1
trumpeting,1
elphinstone,8
crept,15
trade,1
westward,2
round,40
mains,2
insisted,2
horses,16
vague,15
gingerly,2
horseless,1
donewhat,1
milkman,2
building,1
setting,5
score,5
improbable,2
stabbed,1
sorts,2
ran,26
ram,3
rap,1
sails,1
rat,2
drunkards,2
younger,2
drifteda,1
unlocking,1
northwestward,1
ray,1
destroyers,1
lighting,2
packages,1
authorities,8
hurried,16
topple,1
invaders,7
institute,1
endure,1
helpfulness,1
isnt,4
southern,1
ringing,7
throat,4
essence,1
sentimental,1
robbed,2
slime,1
rolling,7
aspect,4
dexterous,2
brigadiergeneral,1
maxims,3
pulled,2
swims,1
slink,1
leisurely,2
loosely,1
calling,2
shallow,4
dwindled,2
spit,1
congestion,1
fleet,4
couple,20
astonishment,7
jerk,1
moved,14
reassuringly,1
red,66
recklessly,1
act,2
awakening,1
helped,1
finish,1
morrow,1
glaringly,1
inhaling,1
swift,12
moustache,1
gifts,1
add,3
helpless,4
escaped,13
coldest,1
escapea,1
ruins,22
therefore,3
exchange,4
heaped,6
smashing,6
groans,1
nourishment,2
puddle,1
trust,1
amovin,1
scrambling,3
warma,1
soldiers,13
jets,4
overtake,2
prevent,1
elaborately,1
disturbing,1
sorry,1
incapable,4
searchlight,1
ghastly,1
northeast,1
message,2
jest,1
manchester,1
euchre,1
truth,1
age,1
albeit,4
shoulders,3
cabs,5
smaller,3
tendency,1
ago,9
overlooked,4
twickenham,3
theyve,7
years,10
darkening,1
ockham,2
pleading,1
muscles,1
swish,4
rim,3
strangely,5
scintillated,1
businesses,1
whistle,1
carelessness,1
aht,1
shrubbery,4
dazzlingly,2
melody,1
system,3
effectthe,1
hairs,1
spot,1
animated,3
shrunk,1
mighty,6
sleeves,1
repugnance,1
other,57
unconcernedly,1
aim,1
curates,6
milesand,1
air,35
decorum,1
steadily,7
speak,5
terrace,5
wireguns,1
tender,1
infected,2
craving,1
spoiled,1
boat,5
recollect,1
albin,1
meditation,1
future,3
spades,2
velvetblack,1
movement,15
royal,2
theyre,4
northwardrunning,1
painfulness,1
spun,1
impressed,1
body,34
beasttamers,1
carthorse,1
brains,1
cage,1
thames,19
exultation,3
guttering,1
astonishingly,1
twisting,1
all,207
always,6
already,49
strangers,1
expense,1
breathes,1
supping,1
villas,8
wrecked,6
heliographs,2
prayers,3
cartwheel,1
rod,2
canned,1
strangest,8
weakness,2
and,2487
row,6
louder,1
abroad,1
wielding,1
ant,1
furnacemy,1
any,59
ejaculatory,1
suggested,3
ladder,1
communicated,2
ninth,1
until,49
dull,5
collapse,2
silently,6
enhaloed,1
thought,47
concession,1
warbut,1
copiously,1
taste,1
privet,2
battalion,1
oxford,2
english,1
pamphlets,1
hired,1
poverty,1
resort,1
seaward,6
lightning,11
devoted,1
margin,2
broke,6
hosts,3
shabby,1
spirits,2
sunlit,3
thinning,1
hampton,6
triangular,4
limped,1
entrails,1
mound,11
succeeded,6
increased,4
unapproachable,1
dublin,1
appliances,4
cellars,4
northwest,2
impotent,1
interminable,4
cried,17
fluttering,2
pockets,2
are,85
came,150
patience,1
eatable,2
where,38
ferryboat,1
broader,1
stirred,3
arm,10
friendless,1
cobham,4
thoughtful,1
noticed,8
mudflat,1
gravitational,4
curls,1
bower,1
call,3
speculative,2
calm,3
theyll,6
kick,2
calf,1
ash,2
ask,4
interminably,1
serene,2
through,124
uninhabitable,1
becoming,2
strength,10
enginesgoing,1
dusk,4
towering,4
organisation,3
run,14
cant,12
imprisoned,1
lowing,1
mother,3
view,10
ours,6
ate,3
cracks,1
yourself,3
dust,22
results,2
palace,2
incrustation,2
ogilvys,2
promenaders,1
mole,1
visiona,1
camp,1
oblongs,1
tentacle,8
name,4
spaces,1
respectablelooking,1
novelty,2
mood,3
reflections,2
absence,3
book,4
approaching,6
truck,1
edition,2
generating,1
caps,1
gloves,1
defend,1
crying,7
stupidly,2
boot,1
dotted,2
emitting,1
basketchaise,1
bone,1
foundling,1
sweetstuff,1
mouth,11
oust,1
thamesside,1
giants,6
duty,1
blazing,2
yard,2
dangers,2
upturned,1
cart,23
anxious,2
siphon,1
auditory,1
broad,7
officials,2
greater,10
cash,1
case,15
creaking,2
generation,2
oppressive,1
scraps,1
nearerin,1
outhouse,1
trunk,3
wimbledon,8
longing,1
carmine,1
tunnels,1
cars,3
saving,2
sticks,2
moon,5
carn,1
slide,1
failing,1
attenuated,2
excessive,1
flesh,2
card,1
care,4
gleamed,1
flooded,2
creakily,1
labour,2
cramped,1
dared,4
realisation,2
protect,2
alighting,1
more,76
born,2
heels,3
kill,5
inaccurate,1
bore,2
beings,6
beautifully,1
sallow,1
copse,2
reprieve,1
spurt,1
cats,1
reluctantly,1
parted,5
pyrfordto,1
momentarily,1
accounts,1
trodden,1
colossal,4
habits,5
shrubs,2
simple,2
choking,1
deafbut,1
northwards,1
cages,3
drunkenly,1
receding,4
described,6
speculation,1
kind,10
swerved,1
tumult,15
itit,1
traces,2
both,19
most,41
multitudinous,3
nerve,2
elbowing,1
jesting,2
lighthouse,1
ascertain,2
bows,1
forbid,1
luminium,1
twelvepounder,1
nowjust,1
sad,2
traced,1
mentioned,1
latchnor,1
profit,1
prosecuting,1
authentication,1
amount,2
move,10
sap,1
sat,27
saw,129
earnestly,1
say,17
also,18
enough,15
increase,3
hopped,2
spread,11
educated,1
facetious,1
latter,9
depression,1
simply,12
bad,1
boys,4
awake,4
extracted,1
mackerel,1
suffer,3
bar,5
dynamite,2
bat,1
fluid,1
drowned,2
pamphlet,3
soaked,2
disasters,1
roadthe,1
personal,3
pitching,2
angry,3
artery,1
naze,2
globe,1
delay,2
onslaught,1
lashing,1
chemical,2
ratgnawed,1
greatly,7
hesitation,2
creeper,3
isleworth,1
ostend,1
unburned,1
addlestone,4
strong,5
deal,3
infusoria,1
minuteguns,1
scheme,4
accursed,1
hesitating,1
vantage,1
deaf,2
facing,4
brompton,2
dead,39
proven,2
eyes,44
ministers,1
sea,11
drain,3
coldly,1
rumours,1
proved,4
see,70
coiled,1
inward,1
peeping,5
symbolism,1
quasiscientific,1
wheat,1
dear,4
compared,2
handlingmachines,2
nodded,1
perrotin,1
set,18
lugged,2
joined,1
oval,1
sex,1
column,1
bobbing,1
reiterated,1
barnet,10
barnes,2
battle,6
spongy,1
river,30
craziness,1
astonished,7
bed,11
superhuman,1
beauty,1
deposited,2
deck,2
felled,1
gravelheaped,1
shipping,8
useless,3
discharge,1
france,1
faded,4
complain,1
she,38
resumed,4
witless,1
little,112
deer,1
deep,12
confined,3
illuminations,1
mockingly,1
parallelism,1
capable,1
contagions,1
35000000,1
parade,2
ejaculations,1
explained,5
getting,11
unhappily,1
lemon,1
northeastward,1
appalling,1
jersey,1
sir,7
sit,5
over,142
wanderers,1
brilliant,3
six,18
living,18
oven,1
breathing,2
bound,1
steering,1
elusive,1
singersi,1
avoid,4
fresh,11
uttered,1
big,17
advanced,8
sheerly,1
nations,1
bit,18
slaughter,1
thanks,1
striking,6
lassies,1
convinced,3
advances,2
recognise,3
beside,15
animals,8
thingstaken,1
sky,45
screwed,2
decapitated,1
surface,13
large,16
grasped,1
satisfied,1
pugilistic,1
tomorrow,1
riddlehow,1
foolish,6
someday,1
misty,1
edging,1
hydrangeas,1
pickaxes,1
intercept,1
begin,6
valleys,1
alluded,1
crystal,1
neighbour,4
angle,1
table,9
amidst,1
ordertrains,1
change,7
irrevocably,1
clapped,2
systematic,1
blasted,2
cupboard,1
foundationsdeep,1
navvies,2
combustible,1
likewise,1
punishment,1
whereabouts,1
scrutinise,1
discovery,1
motions,3
theirs,2
sob,1
several,20
intermittent,4
office,2
angel,1
northern,6
anger,2
panting,7
stands,2
son,2
petroleum,1
inanimate,2
feebleness,1
thrown,4
permanently,1
clerks,3
rations,1
enfeebled,1
curses,2
littered,2
snatched,3
tinned,1
indistinctness,1
tense,1
reverted,2
infinitely,3
meteorites,3
behind,48
tenth,3
sparing,1
impinged,1
mental,5
box,7
boy,10
greyish,2
tents,1
ripped,2
agonised,1
foulmouthed,1
upstairs,4
hedges,5
authorised,1
prices,1
highly,1
chance,23
thudthe,1
nature,8
porters,2
wheel,10
dormant,1
quarrel,2
unsteadily,1
inland,2
mould,2
occurrences,1
stool,2
dancing,1
martiansdeadslain,1
boatload,1
buried,9
county,1
stood,72
pains,1
fighting,14
pilgrimage,1
curvature,1
eastward,17
detonating,1
encouraged,1
thunderaloo,1
heroism,1
horrible,7
drawn,7
pinpoint,1
extremity,1
ached,1
closely,6
horribly,3
trench,1
crawled,8
miserable,3
smithereens,1
tearless,1
morning,35
horse,25
vividness,1
detour,1
retraced,1
doctors,1
plunged,1
conditions,2
motor,2
lamplight,1
advisable,1
overcome,1
watchers,1
sum,1
undisturbed,1
sun,26
soldiershere,1
coombe,1
extended,7
serving,1
current,2
managed,3
actively,1
copper,2
plainly,1
civilian,1
mouldy,2
unreal,1
preferred,2
offensive,3
slipping,2
storm,11
manager,1
cartoon,1
brutes,3
makes,3
slipper,1
threatened,5
amid,14
enemies,1
store,2
sanitary,1
condemned,1
bud,1
uppermost,2
venturing,1
slipped,1
pollard,1
molesey,1
story,16
but,292
bus,1
wished,1
unequal,1
express,3
stunned,2
clattered,1
instantly,3
burial,1
missile,3
fragments,6
written,5
noises,3
savagedegenerate,1
generate,1
passion,1
bodyi,2
shortened,1
reins,4
bending,1
tube,5
ocean,1
naval,1
desk,1
midsummer,1
horns,3
higher,6
doing,16
idea,23
unfolding,1
throne,1
impactsplashed,1
wellington,4
missing,4
mortal,1
lovely,1
skulls,1
gradual,3
figure,8
brutal,1
colossus,1
consumption,1
telepathic,1
rousing,2
periodical,3
passing,6
nightfall,1
twelvepounders,1
sawingmachine,1
sack,2
streets,27
immensely,2
souththinking,1
dewy,1
inches,1
seconds,2
interspersed,1
garrick,2
road,101
children,9
clambering,3
wrath,1
goneeverything,1
roar,2
spectacle,1
efficiency,1
goal,1
natural,6
drank,8
kingston,10
scared,6
vehemence,1
nothingness,1
slices,1
neighbouring,4
flag,5
themhide,1
sympathetic,1
hopefor,1
gods,3
languid,1
snowballs,1
perceptible,1
range,8
rode,1
gazette,1
feature,1
flat,7
recall,7
climax,1
brazen,1
burgundy,4
maldon,1
thudding,2
twisted,3
groundll,1
digging,10
ealing,5
emotion,6
scowling,1
behaviour,2
convincedas,1
alooand,1
scarce,2
argument,1
utter,3
begun,8
sandwiches,1
sidereal,1
allsilence,1
dozen,13
tremendous,5
growing,17
unfast,1
seething,1
utterly,1
twelfth,3
dozed,4
indistinct,2
abounded,1
clothed,1
centuries,1
tap,1
alarmed,4
goes,2
snowstorm,1
salmon,1
ugly,2
towards,129
excavatingmachine,1
chances,4
safe,7
flung,9
rods,2
destined,1
departure,1
chanced,3
herself,3
paddling,2
covering,3
cab,4
pickled,1
curate,35
stout,2
distinct,5
quasiproclamation,1
fled,7
nomadic,1
detonation,2
hedge,10
aware,4
can,26
projected,3
hair,8
filthy,3
roehampton,3
floating,2
albert,3
flew,3
cat,1
alarm,1
topped,1
wells,1
said,166
village,12
ultimatum,1
smooth,1
carried,8
motion,6
satisfy,1
welli,1
hurrying,16
hail,6
distracted,2
really,4
clothes,9
feverishly,1
wobbled,1
carrier,1
whiplike,1
bulged,2
response,1
oblivious,1
arguments,1
shreds,2
